Agent,NAMELSAD,"snap_zscore_type
",new_agent,snap_territory_type
Arlington,Fairfax City,aggregate,0,base
Arlington,Fairfax County,aggregate,0,base
Arlington,Falls Church City,aggregate,0,base
Arlington,Fredericksburg City,aggregate,0,base
Arlington,Loudoun County,aggregate,0,base
Arlington,Manassas City,aggregate,0,base
Arlington,Manassas Park City,aggregate,0,base
Arlington,Prince William County,aggregate,0,base
Arlington,Stafford County,aggregate,0,base
Franklin,Franklin County,aggregate,0,base
Franklin,Henry County,aggregate,0,base
Franklin,Martinsville City,aggregate,0,base
Franklin,Patrick County,aggregate,0,base
Lynchburg City,Amelia County,aggregate,0,base
Lynchburg City,Amherst County,aggregate,0,base
Lynchburg City,Appomattox County,aggregate,0,base
Lynchburg City,Bedford County,aggregate,0,base
Lynchburg City,Buckingham County,aggregate,0,base
Lynchburg City,Campbell County,aggregate,0,base
Lynchburg City,Charlotte County,aggregate,0,base
Lynchburg City,Cumberland County,aggregate,0,base
Lynchburg City,Lunenburg County,aggregate,0,base
Lynchburg City,Lynchburg City,aggregate,0,base
Lynchburg City,Nottoway County,aggregate,0,base
Lynchburg City,Prince Edward County,aggregate,0,base
Newport News City,Charles City County,aggregate,0,base
Newport News City,Dinwiddie County,aggregate,0,base
Newport News City,Emporia City,aggregate,0,base
Newport News City,Franklin City,aggregate,0,base
Newport News City,Greensville County,aggregate,0,base
Newport News City,Hampton City,aggregate,0,base
Newport News City,Hopewell City,aggregate,0,base
Newport News City,Isle Of Wight County,aggregate,0,base
Newport News City,James City County,aggregate,0,base
Newport News City,New Kent County,aggregate,0,base
Newport News City,Newport News City,aggregate,0,base
Newport News City,Norfolk City,aggregate,0,base
Newport News City,Petersburg City,aggregate,0,base
Newport News City,Poquoson City,aggregate,0,base
Newport News City,Portsmouth City,aggregate,0,base
Newport News City,Prince George County,aggregate,0,base
Newport News City,Southampton County,aggregate,0,base
Newport News City,Suffolk City,aggregate,0,base
Newport News City,Surry County,aggregate,0,base
Newport News City,Sussex County,aggregate,0,base
Newport News City,Williamsburg City,aggregate,0,base
Newport News City,York County,aggregate,0,base
Northeast District Office,Alexandria City,aggregate,0,base
Northeast District Office,Arlington County,aggregate,0,base
Northeast District Office,Caroline County,aggregate,0,base
Northeast District Office,Chesterfield County,aggregate,0,base
Northeast District Office,Colonial Heights City,aggregate,0,base
Northeast District Office,Essex County,aggregate,0,base
Northeast District Office,Gloucester County,aggregate,0,base
Northeast District Office,Goochland County,aggregate,0,base
Northeast District Office,Hanover County,aggregate,0,base
Northeast District Office,Henrico County,aggregate,0,base
Northeast District Office,King George County,aggregate,0,base
Northeast District Office,King William County,aggregate,0,base
Northeast District Office,King And Queen County,aggregate,0,base
Northeast District Office,Lancaster County,aggregate,0,base
Northeast District Office,Mathews County,aggregate,0,base
Northeast District Office,Middlesex County,aggregate,0,base
Northeast District Office,Northumberland County,aggregate,0,base
Northeast District Office,Powhatan County,aggregate,0,base
Northeast District Office,Richmond City,aggregate,0,base
Northeast District Office,Richmond County,aggregate,0,base
Northeast District Office,Spotsylvania County,aggregate,0,base
Northeast District Office,Westmoreland County,aggregate,0,base
Pittsylvania,Danville City,aggregate,0,base
Pittsylvania,Halifax County,aggregate,0,base
Pittsylvania,Mecklenburg County,aggregate,0,base
Pittsylvania,Pittsylvania County,aggregate,0,base
Roanoke,Alleghany County,aggregate,0,base
Roanoke,Botetourt County,aggregate,0,base
Roanoke,Covington City,aggregate,0,base
Roanoke,Craig County,aggregate,0,base
Roanoke,Floyd County,aggregate,0,base
Roanoke,Giles County,aggregate,0,base
Roanoke,Montgomery County,aggregate,0,base
Roanoke,Pulaski County,aggregate,0,base
Roanoke,Radford City,aggregate,0,base
Roanoke,Roanoke City,aggregate,0,base
Roanoke,Roanoke County,aggregate,0,base
Roanoke,Salem City,aggregate,0,base
Rockbridge,Albemarle County,aggregate,0,base
Rockbridge,Augusta County,aggregate,0,base
Rockbridge,Bath County,aggregate,0,base
Rockbridge,Buena Vista City,aggregate,0,base
Rockbridge,Charlottesville City,aggregate,0,base
Rockbridge,Fluvanna County,aggregate,0,base
Rockbridge,Greene County,aggregate,0,base
Rockbridge,Harrisonburg City,aggregate,0,base
Rockbridge,Highland County,aggregate,0,base
Rockbridge,Lexington City,aggregate,0,base
Rockbridge,Louisa County,aggregate,0,base
Rockbridge,Madison County,aggregate,0,base
Rockbridge,Nelson County,aggregate,0,base
Rockbridge,Orange County,aggregate,0,base
Rockbridge,Page County,aggregate,0,base
Rockbridge,Rockbridge County,aggregate,0,base
Rockbridge,Rockingham County,aggregate,0,base
Rockbridge,Shenandoah County,aggregate,0,base
Rockbridge,Staunton City,aggregate,0,base
Rockbridge,Warren County,aggregate,0,base
Rockbridge,Waynesboro City,aggregate,0,base
Virginia Beach City,Accomack County,aggregate,0,base
Virginia Beach City,Chesapeake City,aggregate,0,base
Virginia Beach City,Northampton County,aggregate,0,base
Virginia Beach City,Virginia Beach City,aggregate,0,base
Washington,Bland County,aggregate,0,base
Washington,Bristol City,aggregate,0,base
Washington,Buchanan County,aggregate,0,base
Washington,Carroll County,aggregate,0,base
Washington,Dickenson County,aggregate,0,base
Washington,Galax City,aggregate,0,base
Washington,Grayson County,aggregate,0,base
Washington,Lee County,aggregate,0,base
Washington,Norton City,aggregate,0,base
Washington,Russell County,aggregate,0,base
Washington,Scott County,aggregate,0,base
Washington,Smyth County,aggregate,0,base
Washington,Tazewell County,aggregate,0,base
Washington,Washington County,aggregate,0,base
Washington,Wise County,aggregate,0,base
Washington,Wythe County,aggregate,0,base
Arlington,Fairfax City,obesity,0,base
Arlington,Fairfax County,obesity,0,base
Arlington,Falls Church City,obesity,0,base
Arlington,Fredericksburg City,obesity,0,base
Arlington,Loudoun County,obesity,0,base
Arlington,Manassas City,obesity,0,base
Arlington,Manassas Park City,obesity,0,base
Arlington,Prince William County,obesity,0,base
Arlington,Stafford County,obesity,0,base
Franklin,Franklin County,obesity,0,base
Franklin,Henry County,obesity,0,base
Franklin,Martinsville City,obesity,0,base
Franklin,Patrick County,obesity,0,base
Lynchburg City,Amelia County,obesity,0,base
Lynchburg City,Amherst County,obesity,0,base
Lynchburg City,Appomattox County,obesity,0,base
Lynchburg City,Bedford County,obesity,0,base
Lynchburg City,Buckingham County,obesity,0,base
Lynchburg City,Campbell County,obesity,0,base
Lynchburg City,Charlotte County,obesity,0,base
Lynchburg City,Cumberland County,obesity,0,base
Lynchburg City,Lunenburg County,obesity,0,base
Lynchburg City,Lynchburg City,obesity,0,base
Lynchburg City,Nottoway County,obesity,0,base
Lynchburg City,Prince Edward County,obesity,0,base
Newport News City,Charles City County,obesity,0,base
Newport News City,Dinwiddie County,obesity,0,base
Newport News City,Emporia City,obesity,0,base
Newport News City,Franklin City,obesity,0,base
Newport News City,Greensville County,obesity,0,base
Newport News City,Hampton City,obesity,0,base
Newport News City,Hopewell City,obesity,0,base
Newport News City,Isle Of Wight County,obesity,0,base
Newport News City,James City County,obesity,0,base
Newport News City,New Kent County,obesity,0,base
Newport News City,Newport News City,obesity,0,base
Newport News City,Norfolk City,obesity,0,base
Newport News City,Petersburg City,obesity,0,base
Newport News City,Poquoson City,obesity,0,base
Newport News City,Portsmouth City,obesity,0,base
Newport News City,Prince George County,obesity,0,base
Newport News City,Southampton County,obesity,0,base
Newport News City,Suffolk City,obesity,0,base
Newport News City,Surry County,obesity,0,base
Newport News City,Sussex County,obesity,0,base
Newport News City,Williamsburg City,obesity,0,base
Newport News City,York County,obesity,0,base
Northeast District Office,Alexandria City,obesity,0,base
Northeast District Office,Arlington County,obesity,0,base
Northeast District Office,Caroline County,obesity,0,base
Northeast District Office,Chesterfield County,obesity,0,base
Northeast District Office,Colonial Heights City,obesity,0,base
Northeast District Office,Essex County,obesity,0,base
Northeast District Office,Gloucester County,obesity,0,base
Northeast District Office,Goochland County,obesity,0,base
Northeast District Office,Hanover County,obesity,0,base
Northeast District Office,Henrico County,obesity,0,base
Northeast District Office,King George County,obesity,0,base
Northeast District Office,King William County,obesity,0,base
Northeast District Office,King And Queen County,obesity,0,base
Northeast District Office,Lancaster County,obesity,0,base
Northeast District Office,Mathews County,obesity,0,base
Northeast District Office,Middlesex County,obesity,0,base
Northeast District Office,Northumberland County,obesity,0,base
Northeast District Office,Powhatan County,obesity,0,base
Northeast District Office,Richmond City,obesity,0,base
Northeast District Office,Richmond County,obesity,0,base
Northeast District Office,Spotsylvania County,obesity,0,base
Northeast District Office,Westmoreland County,obesity,0,base
Pittsylvania,Danville City,obesity,0,base
Pittsylvania,Halifax County,obesity,0,base
Pittsylvania,Mecklenburg County,obesity,0,base
Pittsylvania,Pittsylvania County,obesity,0,base
Roanoke,Alleghany County,obesity,0,base
Roanoke,Botetourt County,obesity,0,base
Roanoke,Covington City,obesity,0,base
Roanoke,Craig County,obesity,0,base
Roanoke,Floyd County,obesity,0,base
Roanoke,Giles County,obesity,0,base
Roanoke,Montgomery County,obesity,0,base
Roanoke,Pulaski County,obesity,0,base
Roanoke,Radford City,obesity,0,base
Roanoke,Roanoke City,obesity,0,base
Roanoke,Roanoke County,obesity,0,base
Roanoke,Salem City,obesity,0,base
Rockbridge,Albemarle County,obesity,0,base
Rockbridge,Augusta County,obesity,0,base
Rockbridge,Bath County,obesity,0,base
Rockbridge,Buena Vista City,obesity,0,base
Rockbridge,Charlottesville City,obesity,0,base
Rockbridge,Fluvanna County,obesity,0,base
Rockbridge,Greene County,obesity,0,base
Rockbridge,Harrisonburg City,obesity,0,base
Rockbridge,Highland County,obesity,0,base
Rockbridge,Lexington City,obesity,0,base
Rockbridge,Louisa County,obesity,0,base
Rockbridge,Madison County,obesity,0,base
Rockbridge,Nelson County,obesity,0,base
Rockbridge,Orange County,obesity,0,base
Rockbridge,Page County,obesity,0,base
Rockbridge,Rockbridge County,obesity,0,base
Rockbridge,Rockingham County,obesity,0,base
Rockbridge,Shenandoah County,obesity,0,base
Rockbridge,Staunton City,obesity,0,base
Rockbridge,Warren County,obesity,0,base
Rockbridge,Waynesboro City,obesity,0,base
Virginia Beach City,Accomack County,obesity,0,base
Virginia Beach City,Chesapeake City,obesity,0,base
Virginia Beach City,Northampton County,obesity,0,base
Virginia Beach City,Virginia Beach City,obesity,0,base
Washington,Bland County,obesity,0,base
Washington,Bristol City,obesity,0,base
Washington,Buchanan County,obesity,0,base
Washington,Carroll County,obesity,0,base
Washington,Dickenson County,obesity,0,base
Washington,Galax City,obesity,0,base
Washington,Grayson County,obesity,0,base
Washington,Lee County,obesity,0,base
Washington,Norton City,obesity,0,base
Washington,Russell County,obesity,0,base
Washington,Scott County,obesity,0,base
Washington,Smyth County,obesity,0,base
Washington,Tazewell County,obesity,0,base
Washington,Washington County,obesity,0,base
Washington,Wise County,obesity,0,base
Washington,Wythe County,obesity,0,base
Arlington,Fairfax City,diabetes,0,base
Arlington,Fairfax County,diabetes,0,base
Arlington,Falls Church City,diabetes,0,base
Arlington,Fredericksburg City,diabetes,0,base
Arlington,Loudoun County,diabetes,0,base
Arlington,Manassas City,diabetes,0,base
Arlington,Manassas Park City,diabetes,0,base
Arlington,Prince William County,diabetes,0,base
Arlington,Stafford County,diabetes,0,base
Franklin,Franklin County,diabetes,0,base
Franklin,Henry County,diabetes,0,base
Franklin,Martinsville City,diabetes,0,base
Franklin,Patrick County,diabetes,0,base
Lynchburg City,Amelia County,diabetes,0,base
Lynchburg City,Amherst County,diabetes,0,base
Lynchburg City,Appomattox County,diabetes,0,base
Lynchburg City,Bedford County,diabetes,0,base
Lynchburg City,Buckingham County,diabetes,0,base
Lynchburg City,Campbell County,diabetes,0,base
Lynchburg City,Charlotte County,diabetes,0,base
Lynchburg City,Cumberland County,diabetes,0,base
Lynchburg City,Lunenburg County,diabetes,0,base
Lynchburg City,Lynchburg City,diabetes,0,base
Lynchburg City,Nottoway County,diabetes,0,base
Lynchburg City,Prince Edward County,diabetes,0,base
Newport News City,Charles City County,diabetes,0,base
Newport News City,Dinwiddie County,diabetes,0,base
Newport News City,Emporia City,diabetes,0,base
Newport News City,Franklin City,diabetes,0,base
Newport News City,Greensville County,diabetes,0,base
Newport News City,Hampton City,diabetes,0,base
Newport News City,Hopewell City,diabetes,0,base
Newport News City,Isle Of Wight County,diabetes,0,base
Newport News City,James City County,diabetes,0,base
Newport News City,New Kent County,diabetes,0,base
Newport News City,Newport News City,diabetes,0,base
Newport News City,Norfolk City,diabetes,0,base
Newport News City,Petersburg City,diabetes,0,base
Newport News City,Poquoson City,diabetes,0,base
Newport News City,Portsmouth City,diabetes,0,base
Newport News City,Prince George County,diabetes,0,base
Newport News City,Southampton County,diabetes,0,base
Newport News City,Suffolk City,diabetes,0,base
Newport News City,Surry County,diabetes,0,base
Newport News City,Sussex County,diabetes,0,base
Newport News City,Williamsburg City,diabetes,0,base
Newport News City,York County,diabetes,0,base
Northeast District Office,Alexandria City,diabetes,0,base
Northeast District Office,Arlington County,diabetes,0,base
Northeast District Office,Caroline County,diabetes,0,base
Northeast District Office,Chesterfield County,diabetes,0,base
Northeast District Office,Colonial Heights City,diabetes,0,base
Northeast District Office,Essex County,diabetes,0,base
Northeast District Office,Gloucester County,diabetes,0,base
Northeast District Office,Goochland County,diabetes,0,base
Northeast District Office,Hanover County,diabetes,0,base
Northeast District Office,Henrico County,diabetes,0,base
Northeast District Office,King George County,diabetes,0,base
Northeast District Office,King William County,diabetes,0,base
Northeast District Office,King And Queen County,diabetes,0,base
Northeast District Office,Lancaster County,diabetes,0,base
Northeast District Office,Mathews County,diabetes,0,base
Northeast District Office,Middlesex County,diabetes,0,base
Northeast District Office,Northumberland County,diabetes,0,base
Northeast District Office,Powhatan County,diabetes,0,base
Northeast District Office,Richmond City,diabetes,0,base
Northeast District Office,Richmond County,diabetes,0,base
Northeast District Office,Spotsylvania County,diabetes,0,base
Northeast District Office,Westmoreland County,diabetes,0,base
Pittsylvania,Danville City,diabetes,0,base
Pittsylvania,Halifax County,diabetes,0,base
Pittsylvania,Mecklenburg County,diabetes,0,base
Pittsylvania,Pittsylvania County,diabetes,0,base
Roanoke,Alleghany County,diabetes,0,base
Roanoke,Botetourt County,diabetes,0,base
Roanoke,Covington City,diabetes,0,base
Roanoke,Craig County,diabetes,0,base
Roanoke,Floyd County,diabetes,0,base
Roanoke,Giles County,diabetes,0,base
Roanoke,Montgomery County,diabetes,0,base
Roanoke,Pulaski County,diabetes,0,base
Roanoke,Radford City,diabetes,0,base
Roanoke,Roanoke City,diabetes,0,base
Roanoke,Roanoke County,diabetes,0,base
Roanoke,Salem City,diabetes,0,base
Rockbridge,Albemarle County,diabetes,0,base
Rockbridge,Augusta County,diabetes,0,base
Rockbridge,Bath County,diabetes,0,base
Rockbridge,Buena Vista City,diabetes,0,base
Rockbridge,Charlottesville City,diabetes,0,base
Rockbridge,Fluvanna County,diabetes,0,base
Rockbridge,Greene County,diabetes,0,base
Rockbridge,Harrisonburg City,diabetes,0,base
Rockbridge,Highland County,diabetes,0,base
Rockbridge,Lexington City,diabetes,0,base
Rockbridge,Louisa County,diabetes,0,base
Rockbridge,Madison County,diabetes,0,base
Rockbridge,Nelson County,diabetes,0,base
Rockbridge,Orange County,diabetes,0,base
Rockbridge,Page County,diabetes,0,base
Rockbridge,Rockbridge County,diabetes,0,base
Rockbridge,Rockingham County,diabetes,0,base
Rockbridge,Shenandoah County,diabetes,0,base
Rockbridge,Staunton City,diabetes,0,base
Rockbridge,Warren County,diabetes,0,base
Rockbridge,Waynesboro City,diabetes,0,base
Virginia Beach City,Accomack County,diabetes,0,base
Virginia Beach City,Chesapeake City,diabetes,0,base
Virginia Beach City,Northampton County,diabetes,0,base
Virginia Beach City,Virginia Beach City,diabetes,0,base
Washington,Bland County,diabetes,0,base
Washington,Bristol City,diabetes,0,base
Washington,Buchanan County,diabetes,0,base
Washington,Carroll County,diabetes,0,base
Washington,Dickenson County,diabetes,0,base
Washington,Galax City,diabetes,0,base
Washington,Grayson County,diabetes,0,base
Washington,Lee County,diabetes,0,base
Washington,Norton City,diabetes,0,base
Washington,Russell County,diabetes,0,base
Washington,Scott County,diabetes,0,base
Washington,Smyth County,diabetes,0,base
Washington,Tazewell County,diabetes,0,base
Washington,Washington County,diabetes,0,base
Washington,Wise County,diabetes,0,base
Washington,Wythe County,diabetes,0,base
Arlington,Fairfax City,food,0,base
Arlington,Fairfax County,food,0,base
Arlington,Falls Church City,food,0,base
Arlington,Fredericksburg City,food,0,base
Arlington,Loudoun County,food,0,base
Arlington,Manassas City,food,0,base
Arlington,Manassas Park City,food,0,base
Arlington,Prince William County,food,0,base
Arlington,Stafford County,food,0,base
Franklin,Franklin County,food,0,base
Franklin,Henry County,food,0,base
Franklin,Martinsville City,food,0,base
Franklin,Patrick County,food,0,base
Lynchburg City,Amelia County,food,0,base
Lynchburg City,Amherst County,food,0,base
Lynchburg City,Appomattox County,food,0,base
Lynchburg City,Bedford County,food,0,base
Lynchburg City,Buckingham County,food,0,base
Lynchburg City,Campbell County,food,0,base
Lynchburg City,Charlotte County,food,0,base
Lynchburg City,Cumberland County,food,0,base
Lynchburg City,Lunenburg County,food,0,base
Lynchburg City,Lynchburg City,food,0,base
Lynchburg City,Nottoway County,food,0,base
Lynchburg City,Prince Edward County,food,0,base
Newport News City,Charles City County,food,0,base
Newport News City,Dinwiddie County,food,0,base
Newport News City,Emporia City,food,0,base
Newport News City,Franklin City,food,0,base
Newport News City,Greensville County,food,0,base
Newport News City,Hampton City,food,0,base
Newport News City,Hopewell City,food,0,base
Newport News City,Isle Of Wight County,food,0,base
Newport News City,James City County,food,0,base
Newport News City,New Kent County,food,0,base
Newport News City,Newport News City,food,0,base
Newport News City,Norfolk City,food,0,base
Newport News City,Petersburg City,food,0,base
Newport News City,Poquoson City,food,0,base
Newport News City,Portsmouth City,food,0,base
Newport News City,Prince George County,food,0,base
Newport News City,Southampton County,food,0,base
Newport News City,Suffolk City,food,0,base
Newport News City,Surry County,food,0,base
Newport News City,Sussex County,food,0,base
Newport News City,Williamsburg City,food,0,base
Newport News City,York County,food,0,base
Northeast District Office,Alexandria City,food,0,base
Northeast District Office,Arlington County,food,0,base
Northeast District Office,Caroline County,food,0,base
Northeast District Office,Chesterfield County,food,0,base
Northeast District Office,Colonial Heights City,food,0,base
Northeast District Office,Essex County,food,0,base
Northeast District Office,Gloucester County,food,0,base
Northeast District Office,Goochland County,food,0,base
Northeast District Office,Hanover County,food,0,base
Northeast District Office,Henrico County,food,0,base
Northeast District Office,King George County,food,0,base
Northeast District Office,King William County,food,0,base
Northeast District Office,King And Queen County,food,0,base
Northeast District Office,Lancaster County,food,0,base
Northeast District Office,Mathews County,food,0,base
Northeast District Office,Middlesex County,food,0,base
Northeast District Office,Northumberland County,food,0,base
Northeast District Office,Powhatan County,food,0,base
Northeast District Office,Richmond City,food,0,base
Northeast District Office,Richmond County,food,0,base
Northeast District Office,Spotsylvania County,food,0,base
Northeast District Office,Westmoreland County,food,0,base
Pittsylvania,Danville City,food,0,base
Pittsylvania,Halifax County,food,0,base
Pittsylvania,Mecklenburg County,food,0,base
Pittsylvania,Pittsylvania County,food,0,base
Roanoke,Alleghany County,food,0,base
Roanoke,Botetourt County,food,0,base
Roanoke,Covington City,food,0,base
Roanoke,Craig County,food,0,base
Roanoke,Floyd County,food,0,base
Roanoke,Giles County,food,0,base
Roanoke,Montgomery County,food,0,base
Roanoke,Pulaski County,food,0,base
Roanoke,Radford City,food,0,base
Roanoke,Roanoke City,food,0,base
Roanoke,Roanoke County,food,0,base
Roanoke,Salem City,food,0,base
Rockbridge,Albemarle County,food,0,base
Rockbridge,Augusta County,food,0,base
Rockbridge,Bath County,food,0,base
Rockbridge,Buena Vista City,food,0,base
Rockbridge,Charlottesville City,food,0,base
Rockbridge,Fluvanna County,food,0,base
Rockbridge,Greene County,food,0,base
Rockbridge,Harrisonburg City,food,0,base
Rockbridge,Highland County,food,0,base
Rockbridge,Lexington City,food,0,base
Rockbridge,Louisa County,food,0,base
Rockbridge,Madison County,food,0,base
Rockbridge,Nelson County,food,0,base
Rockbridge,Orange County,food,0,base
Rockbridge,Page County,food,0,base
Rockbridge,Rockbridge County,food,0,base
Rockbridge,Rockingham County,food,0,base
Rockbridge,Shenandoah County,food,0,base
Rockbridge,Staunton City,food,0,base
Rockbridge,Warren County,food,0,base
Rockbridge,Waynesboro City,food,0,base
Virginia Beach City,Accomack County,food,0,base
Virginia Beach City,Chesapeake City,food,0,base
Virginia Beach City,Northampton County,food,0,base
Virginia Beach City,Virginia Beach City,food,0,base
Washington,Bland County,food,0,base
Washington,Bristol City,food,0,base
Washington,Buchanan County,food,0,base
Washington,Carroll County,food,0,base
Washington,Dickenson County,food,0,base
Washington,Galax City,food,0,base
Washington,Grayson County,food,0,base
Washington,Lee County,food,0,base
Washington,Norton City,food,0,base
Washington,Russell County,food,0,base
Washington,Scott County,food,0,base
Washington,Smyth County,food,0,base
Washington,Tazewell County,food,0,base
Washington,Washington County,food,0,base
Washington,Wise County,food,0,base
Washington,Wythe County,food,0,base
Arlington,Fairfax City,inactivity,0,base
Arlington,Fairfax County,inactivity,0,base
Arlington,Falls Church City,inactivity,0,base
Arlington,Fredericksburg City,inactivity,0,base
Arlington,Loudoun County,inactivity,0,base
Arlington,Manassas City,inactivity,0,base
Arlington,Manassas Park City,inactivity,0,base
Arlington,Prince William County,inactivity,0,base
Arlington,Stafford County,inactivity,0,base
Franklin,Franklin County,inactivity,0,base
Franklin,Henry County,inactivity,0,base
Franklin,Martinsville City,inactivity,0,base
Franklin,Patrick County,inactivity,0,base
Lynchburg City,Amelia County,inactivity,0,base
Lynchburg City,Amherst County,inactivity,0,base
Lynchburg City,Appomattox County,inactivity,0,base
Lynchburg City,Bedford County,inactivity,0,base
Lynchburg City,Buckingham County,inactivity,0,base
Lynchburg City,Campbell County,inactivity,0,base
Lynchburg City,Charlotte County,inactivity,0,base
Lynchburg City,Cumberland County,inactivity,0,base
Lynchburg City,Lunenburg County,inactivity,0,base
Lynchburg City,Lynchburg City,inactivity,0,base
Lynchburg City,Nottoway County,inactivity,0,base
Lynchburg City,Prince Edward County,inactivity,0,base
Newport News City,Charles City County,inactivity,0,base
Newport News City,Dinwiddie County,inactivity,0,base
Newport News City,Emporia City,inactivity,0,base
Newport News City,Franklin City,inactivity,0,base
Newport News City,Greensville County,inactivity,0,base
Newport News City,Hampton City,inactivity,0,base
Newport News City,Hopewell City,inactivity,0,base
Newport News City,Isle Of Wight County,inactivity,0,base
Newport News City,James City County,inactivity,0,base
Newport News City,New Kent County,inactivity,0,base
Newport News City,Newport News City,inactivity,0,base
Newport News City,Norfolk City,inactivity,0,base
Newport News City,Petersburg City,inactivity,0,base
Newport News City,Poquoson City,inactivity,0,base
Newport News City,Portsmouth City,inactivity,0,base
Newport News City,Prince George County,inactivity,0,base
Newport News City,Southampton County,inactivity,0,base
Newport News City,Suffolk City,inactivity,0,base
Newport News City,Surry County,inactivity,0,base
Newport News City,Sussex County,inactivity,0,base
Newport News City,Williamsburg City,inactivity,0,base
Newport News City,York County,inactivity,0,base
Northeast District Office,Alexandria City,inactivity,0,base
Northeast District Office,Arlington County,inactivity,0,base
Northeast District Office,Caroline County,inactivity,0,base
Northeast District Office,Chesterfield County,inactivity,0,base
Northeast District Office,Colonial Heights City,inactivity,0,base
Northeast District Office,Essex County,inactivity,0,base
Northeast District Office,Gloucester County,inactivity,0,base
Northeast District Office,Goochland County,inactivity,0,base
Northeast District Office,Hanover County,inactivity,0,base
Northeast District Office,Henrico County,inactivity,0,base
Northeast District Office,King George County,inactivity,0,base
Northeast District Office,King William County,inactivity,0,base
Northeast District Office,King And Queen County,inactivity,0,base
Northeast District Office,Lancaster County,inactivity,0,base
Northeast District Office,Mathews County,inactivity,0,base
Northeast District Office,Middlesex County,inactivity,0,base
Northeast District Office,Northumberland County,inactivity,0,base
Northeast District Office,Powhatan County,inactivity,0,base
Northeast District Office,Richmond City,inactivity,0,base
Northeast District Office,Richmond County,inactivity,0,base
Northeast District Office,Spotsylvania County,inactivity,0,base
Northeast District Office,Westmoreland County,inactivity,0,base
Pittsylvania,Danville City,inactivity,0,base
Pittsylvania,Halifax County,inactivity,0,base
Pittsylvania,Mecklenburg County,inactivity,0,base
Pittsylvania,Pittsylvania County,inactivity,0,base
Roanoke,Alleghany County,inactivity,0,base
Roanoke,Botetourt County,inactivity,0,base
Roanoke,Covington City,inactivity,0,base
Roanoke,Craig County,inactivity,0,base
Roanoke,Floyd County,inactivity,0,base
Roanoke,Giles County,inactivity,0,base
Roanoke,Montgomery County,inactivity,0,base
Roanoke,Pulaski County,inactivity,0,base
Roanoke,Radford City,inactivity,0,base
Roanoke,Roanoke City,inactivity,0,base
Roanoke,Roanoke County,inactivity,0,base
Roanoke,Salem City,inactivity,0,base
Rockbridge,Albemarle County,inactivity,0,base
Rockbridge,Augusta County,inactivity,0,base
Rockbridge,Bath County,inactivity,0,base
Rockbridge,Buena Vista City,inactivity,0,base
Rockbridge,Charlottesville City,inactivity,0,base
Rockbridge,Fluvanna County,inactivity,0,base
Rockbridge,Greene County,inactivity,0,base
Rockbridge,Harrisonburg City,inactivity,0,base
Rockbridge,Highland County,inactivity,0,base
Rockbridge,Lexington City,inactivity,0,base
Rockbridge,Louisa County,inactivity,0,base
Rockbridge,Madison County,inactivity,0,base
Rockbridge,Nelson County,inactivity,0,base
Rockbridge,Orange County,inactivity,0,base
Rockbridge,Page County,inactivity,0,base
Rockbridge,Rockbridge County,inactivity,0,base
Rockbridge,Rockingham County,inactivity,0,base
Rockbridge,Shenandoah County,inactivity,0,base
Rockbridge,Staunton City,inactivity,0,base
Rockbridge,Warren County,inactivity,0,base
Rockbridge,Waynesboro City,inactivity,0,base
Virginia Beach City,Accomack County,inactivity,0,base
Virginia Beach City,Chesapeake City,inactivity,0,base
Virginia Beach City,Northampton County,inactivity,0,base
Virginia Beach City,Virginia Beach City,inactivity,0,base
Washington,Bland County,inactivity,0,base
Washington,Bristol City,inactivity,0,base
Washington,Buchanan County,inactivity,0,base
Washington,Carroll County,inactivity,0,base
Washington,Dickenson County,inactivity,0,base
Washington,Galax City,inactivity,0,base
Washington,Grayson County,inactivity,0,base
Washington,Lee County,inactivity,0,base
Washington,Norton City,inactivity,0,base
Washington,Russell County,inactivity,0,base
Washington,Scott County,inactivity,0,base
Washington,Smyth County,inactivity,0,base
Washington,Tazewell County,inactivity,0,base
Washington,Washington County,inactivity,0,base
Washington,Wise County,inactivity,0,base
Washington,Wythe County,inactivity,0,base
Arlington,Fairfax City,lowbirth,0,base
Arlington,Fairfax County,lowbirth,0,base
Arlington,Falls Church City,lowbirth,0,base
Arlington,Fredericksburg City,lowbirth,0,base
Arlington,Loudoun County,lowbirth,0,base
Arlington,Manassas City,lowbirth,0,base
Arlington,Manassas Park City,lowbirth,0,base
Arlington,Prince William County,lowbirth,0,base
Arlington,Stafford County,lowbirth,0,base
Franklin,Franklin County,lowbirth,0,base
Franklin,Henry County,lowbirth,0,base
Franklin,Martinsville City,lowbirth,0,base
Franklin,Patrick County,lowbirth,0,base
Lynchburg City,Amelia County,lowbirth,0,base
Lynchburg City,Amherst County,lowbirth,0,base
Lynchburg City,Appomattox County,lowbirth,0,base
Lynchburg City,Bedford County,lowbirth,0,base
Lynchburg City,Buckingham County,lowbirth,0,base
Lynchburg City,Campbell County,lowbirth,0,base
Lynchburg City,Charlotte County,lowbirth,0,base
Lynchburg City,Cumberland County,lowbirth,0,base
Lynchburg City,Lunenburg County,lowbirth,0,base
Lynchburg City,Lynchburg City,lowbirth,0,base
Lynchburg City,Nottoway County,lowbirth,0,base
Lynchburg City,Prince Edward County,lowbirth,0,base
Newport News City,Charles City County,lowbirth,0,base
Newport News City,Dinwiddie County,lowbirth,0,base
Newport News City,Emporia City,lowbirth,0,base
Newport News City,Franklin City,lowbirth,0,base
Newport News City,Greensville County,lowbirth,0,base
Newport News City,Hampton City,lowbirth,0,base
Newport News City,Hopewell City,lowbirth,0,base
Newport News City,Isle Of Wight County,lowbirth,0,base
Newport News City,James City County,lowbirth,0,base
Newport News City,New Kent County,lowbirth,0,base
Newport News City,Newport News City,lowbirth,0,base
Newport News City,Norfolk City,lowbirth,0,base
Newport News City,Petersburg City,lowbirth,0,base
Newport News City,Poquoson City,lowbirth,0,base
Newport News City,Portsmouth City,lowbirth,0,base
Newport News City,Prince George County,lowbirth,0,base
Newport News City,Southampton County,lowbirth,0,base
Newport News City,Suffolk City,lowbirth,0,base
Newport News City,Surry County,lowbirth,0,base
Newport News City,Sussex County,lowbirth,0,base
Newport News City,Williamsburg City,lowbirth,0,base
Newport News City,York County,lowbirth,0,base
Northeast District Office,Alexandria City,lowbirth,0,base
Northeast District Office,Arlington County,lowbirth,0,base
Northeast District Office,Caroline County,lowbirth,0,base
Northeast District Office,Chesterfield County,lowbirth,0,base
Northeast District Office,Colonial Heights City,lowbirth,0,base
Northeast District Office,Essex County,lowbirth,0,base
Northeast District Office,Gloucester County,lowbirth,0,base
Northeast District Office,Goochland County,lowbirth,0,base
Northeast District Office,Hanover County,lowbirth,0,base
Northeast District Office,Henrico County,lowbirth,0,base
Northeast District Office,King George County,lowbirth,0,base
Northeast District Office,King William County,lowbirth,0,base
Northeast District Office,King And Queen County,lowbirth,0,base
Northeast District Office,Lancaster County,lowbirth,0,base
Northeast District Office,Mathews County,lowbirth,0,base
Northeast District Office,Middlesex County,lowbirth,0,base
Northeast District Office,Northumberland County,lowbirth,0,base
Northeast District Office,Powhatan County,lowbirth,0,base
Northeast District Office,Richmond City,lowbirth,0,base
Northeast District Office,Richmond County,lowbirth,0,base
Northeast District Office,Spotsylvania County,lowbirth,0,base
Northeast District Office,Westmoreland County,lowbirth,0,base
Pittsylvania,Danville City,lowbirth,0,base
Pittsylvania,Halifax County,lowbirth,0,base
Pittsylvania,Mecklenburg County,lowbirth,0,base
Pittsylvania,Pittsylvania County,lowbirth,0,base
Roanoke,Alleghany County,lowbirth,0,base
Roanoke,Botetourt County,lowbirth,0,base
Roanoke,Covington City,lowbirth,0,base
Roanoke,Craig County,lowbirth,0,base
Roanoke,Floyd County,lowbirth,0,base
Roanoke,Giles County,lowbirth,0,base
Roanoke,Montgomery County,lowbirth,0,base
Roanoke,Pulaski County,lowbirth,0,base
Roanoke,Radford City,lowbirth,0,base
Roanoke,Roanoke City,lowbirth,0,base
Roanoke,Roanoke County,lowbirth,0,base
Roanoke,Salem City,lowbirth,0,base
Rockbridge,Albemarle County,lowbirth,0,base
Rockbridge,Augusta County,lowbirth,0,base
Rockbridge,Bath County,lowbirth,0,base
Rockbridge,Buena Vista City,lowbirth,0,base
Rockbridge,Charlottesville City,lowbirth,0,base
Rockbridge,Fluvanna County,lowbirth,0,base
Rockbridge,Greene County,lowbirth,0,base
Rockbridge,Harrisonburg City,lowbirth,0,base
Rockbridge,Highland County,lowbirth,0,base
Rockbridge,Lexington City,lowbirth,0,base
Rockbridge,Louisa County,lowbirth,0,base
Rockbridge,Madison County,lowbirth,0,base
Rockbridge,Nelson County,lowbirth,0,base
Rockbridge,Orange County,lowbirth,0,base
Rockbridge,Page County,lowbirth,0,base
Rockbridge,Rockbridge County,lowbirth,0,base
Rockbridge,Rockingham County,lowbirth,0,base
Rockbridge,Shenandoah County,lowbirth,0,base
Rockbridge,Staunton City,lowbirth,0,base
Rockbridge,Warren County,lowbirth,0,base
Rockbridge,Waynesboro City,lowbirth,0,base
Virginia Beach City,Accomack County,lowbirth,0,base
Virginia Beach City,Chesapeake City,lowbirth,0,base
Virginia Beach City,Northampton County,lowbirth,0,base
Virginia Beach City,Virginia Beach City,lowbirth,0,base
Washington,Bland County,lowbirth,0,base
Washington,Bristol City,lowbirth,0,base
Washington,Buchanan County,lowbirth,0,base
Washington,Carroll County,lowbirth,0,base
Washington,Dickenson County,lowbirth,0,base
Washington,Galax City,lowbirth,0,base
Washington,Grayson County,lowbirth,0,base
Washington,Lee County,lowbirth,0,base
Washington,Norton City,lowbirth,0,base
Washington,Russell County,lowbirth,0,base
Washington,Scott County,lowbirth,0,base
Washington,Smyth County,lowbirth,0,base
Washington,Tazewell County,lowbirth,0,base
Washington,Washington County,lowbirth,0,base
Washington,Wise County,lowbirth,0,base
Washington,Wythe County,lowbirth,0,base
