Agent,NAMELSAD,non_snap_zscore_type,non_snap_territory_type,new_agent
Albemarle,Fluvanna,aggregate,base,0
Albemarle,Nelson,aggregate,base,0
Albemarle,Waynesboro City,aggregate,base,0
Amelia,Amelia,aggregate,base,0
Amelia,Cumberland,aggregate,base,0
Amelia,Nottoway,aggregate,base,0
Amelia,Prince Edward,aggregate,base,0
Amherst,Amherst,aggregate,base,0
Amherst,Appomattox,aggregate,base,0
Amherst,Buckingham,aggregate,base,0
Amherst,Campbell,aggregate,base,0
Amherst,Lynchburg City,aggregate,base,0
Bedford,Bedford,aggregate,base,0
Bedford,Pittsylvania,aggregate,base,0
Chesapeake City,Chesapeake City,aggregate,base,0
Chesapeake City,Portsmouth City,aggregate,base,0
Chesapeake City,Suffolk City,aggregate,base,0
Chesapeake City,Virginia Beach City,aggregate,base,0
Fairfax,Alexandria City,aggregate,base,0
Fairfax,Arlington,aggregate,base,0
Fairfax,Fairfax City,aggregate,base,0
Fairfax,Fairfax,aggregate,base,0
Fairfax,Falls Church City,aggregate,base,0
Fairfax,Manassas City,aggregate,base,0
Fairfax,Manassas Park City,aggregate,base,0
Fairfax,Prince William,aggregate,base,0
Floyd,Alleghany,aggregate,base,0
Floyd,Botetourt,aggregate,base,0
Floyd,Covington City,aggregate,base,0
Floyd,Craig,aggregate,base,0
Floyd,Floyd,aggregate,base,0
Floyd,Montgomery,aggregate,base,0
Floyd,Roanoke City,aggregate,base,0
Floyd,Roanoke,aggregate,base,0
Floyd,Salem City,aggregate,base,0
Gloucester,Gloucester,aggregate,base,0
Gloucester,King And Queen,aggregate,base,0
Gloucester,Mathews,aggregate,base,0
Gloucester,Middlesex,aggregate,base,0
Greensville,Emporia City,aggregate,base,0
Greensville,Franklin City,aggregate,base,0
Greensville,Greensville,aggregate,base,0
Greensville,Southampton,aggregate,base,0
Greensville,Sussex,aggregate,base,0
Henrico,Goochland,aggregate,base,0
Henrico,Hanover,aggregate,base,0
King George,Caroline,aggregate,base,0
King George,Essex,aggregate,base,0
King George,King George,aggregate,base,0
King George,Westmoreland,aggregate,base,0
Lancaster,Lancaster,aggregate,base,0
Lancaster,Northumberland,aggregate,base,0
Lancaster,Richmond,aggregate,base,0
Lee,Bristol City,aggregate,base,0
Lee,Dickenson,aggregate,base,0
Lee,Lee,aggregate,base,0
Lee,Norton City,aggregate,base,0
Lee,Russell,aggregate,base,0
Lee,Scott,aggregate,base,0
Lee,Wise,aggregate,base,0
Loudoun,Loudoun,aggregate,base,0
Louisa,Albemarle,aggregate,base,0
Louisa,Charlottesville City,aggregate,base,0
Louisa,Louisa,aggregate,base,0
Mecklenburg,Brunswick,aggregate,base,0
Mecklenburg,Charlotte,aggregate,base,0
Mecklenburg,Halifax,aggregate,base,0
Mecklenburg,Lunenburg,aggregate,base,0
Mecklenburg,Mecklenburg,aggregate,base,0
Newport News City North,Charles City,aggregate,base,0
Newport News City North,Hampton City,aggregate,base,0
Newport News City North,Isle Of Wight,aggregate,base,0
Newport News City North,James City,aggregate,base,0
Newport News City North,New Kent,aggregate,base,0
Newport News City North,Newport News City,aggregate,base,0
Newport News City North,Poquoson City,aggregate,base,0
Newport News City North,Williamsburg City,aggregate,base,0
Newport News City North,York,aggregate,base,0
Orange,Culpeper,aggregate,base,0
Orange,Greene,aggregate,base,0
Orange,Madison,aggregate,base,0
Orange,Orange,aggregate,base,0
Patrick,Danville City,aggregate,base,0
Patrick,Franklin,aggregate,base,0
Patrick,Henry,aggregate,base,0
Patrick,Martinsville City,aggregate,base,0
Patrick,Patrick,aggregate,base,0
Petersburg City,Dinwiddie,aggregate,base,0
Petersburg City,Hopewell City,aggregate,base,0
Petersburg City,Petersburg City,aggregate,base,0
Petersburg City,Prince George,aggregate,base,0
Petersburg City,Surry,aggregate,base,0
Pulaski,Bland,aggregate,base,0
Pulaski,Buchanan,aggregate,base,0
Pulaski,Carroll,aggregate,base,0
Pulaski,Galax City,aggregate,base,0
Pulaski,Giles,aggregate,base,0
Pulaski,Grayson,aggregate,base,0
Pulaski,Pulaski,aggregate,base,0
Pulaski,Radford City,aggregate,base,0
Pulaski,Smyth,aggregate,base,0
Pulaski,Tazewell,aggregate,base,0
Pulaski,Washington,aggregate,base,0
Pulaski,Wythe,aggregate,base,0
Richmond City,Chesterfield,aggregate,base,0
Richmond City,Colonial Heights City,aggregate,base,0
Richmond City,Henrico,aggregate,base,0
Richmond City,King William,aggregate,base,0
Richmond City,Powhatan,aggregate,base,0
Richmond City,Richmond City,aggregate,base,0
Rockingham,Augusta,aggregate,base,0
Rockingham,Bath,aggregate,base,0
Rockingham,Buena Vista City,aggregate,base,0
Rockingham,Harrisonburg City,aggregate,base,0
Rockingham,Highland,aggregate,base,0
Rockingham,Lexington City,aggregate,base,0
Rockingham,Rockbridge,aggregate,base,0
Rockingham,Rockingham,aggregate,base,0
Rockingham,Staunton City,aggregate,base,0
Spotsylvania,Fredericksburg City,aggregate,base,0
Spotsylvania,Spotsylvania,aggregate,base,0
Spotsylvania,Stafford,aggregate,base,0
Virginia Beach City North,Accomack,aggregate,base,0
Virginia Beach City North,Norfolk City,aggregate,base,0
Virginia Beach City North,Northampton,aggregate,base,0
Warren,Clarke,aggregate,base,0
Warren,Fauquier,aggregate,base,0
Warren,Frederick,aggregate,base,0
Warren,Page,aggregate,base,0
Warren,Rappahannock,aggregate,base,0
Warren,Shenandoah,aggregate,base,0
Warren,Warren,aggregate,base,0
Warren,Winchester City,aggregate,base,0
Albemarle,Fluvanna,obese,base,0
Albemarle,Nelson,obese,base,0
Albemarle,Waynesboro City,obese,base,0
Amelia,Amelia,obese,base,0
Amelia,Cumberland,obese,base,0
Amelia,Nottoway,obese,base,0
Amelia,Prince Edward,obese,base,0
Amherst,Amherst,obese,base,0
Amherst,Appomattox,obese,base,0
Amherst,Buckingham,obese,base,0
Amherst,Campbell,obese,base,0
Amherst,Lynchburg City,obese,base,0
Bedford,Bedford,obese,base,0
Bedford,Pittsylvania,obese,base,0
Chesapeake City,Chesapeake City,obese,base,0
Chesapeake City,Portsmouth City,obese,base,0
Chesapeake City,Suffolk City,obese,base,0
Chesapeake City,Virginia Beach City,obese,base,0
Fairfax,Alexandria City,obese,base,0
Fairfax,Arlington,obese,base,0
Fairfax,Fairfax City,obese,base,0
Fairfax,Fairfax,obese,base,0
Fairfax,Falls Church City,obese,base,0
Fairfax,Manassas City,obese,base,0
Fairfax,Manassas Park City,obese,base,0
Fairfax,Prince William,obese,base,0
Floyd,Alleghany,obese,base,0
Floyd,Botetourt,obese,base,0
Floyd,Covington City,obese,base,0
Floyd,Craig,obese,base,0
Floyd,Floyd,obese,base,0
Floyd,Montgomery,obese,base,0
Floyd,Roanoke City,obese,base,0
Floyd,Roanoke,obese,base,0
Floyd,Salem City,obese,base,0
Gloucester,Gloucester,obese,base,0
Gloucester,King And Queen,obese,base,0
Gloucester,Mathews,obese,base,0
Gloucester,Middlesex,obese,base,0
Greensville,Emporia City,obese,base,0
Greensville,Franklin City,obese,base,0
Greensville,Greensville,obese,base,0
Greensville,Southampton,obese,base,0
Greensville,Sussex,obese,base,0
Henrico,Goochland,obese,base,0
Henrico,Hanover,obese,base,0
King George,Caroline,obese,base,0
King George,Essex,obese,base,0
King George,King George,obese,base,0
King George,Westmoreland,obese,base,0
Lancaster,Lancaster,obese,base,0
Lancaster,Northumberland,obese,base,0
Lancaster,Richmond,obese,base,0
Lee,Bristol City,obese,base,0
Lee,Dickenson,obese,base,0
Lee,Lee,obese,base,0
Lee,Norton City,obese,base,0
Lee,Russell,obese,base,0
Lee,Scott,obese,base,0
Lee,Wise,obese,base,0
Loudoun,Loudoun,obese,base,0
Louisa,Albemarle,obese,base,0
Louisa,Charlottesville City,obese,base,0
Louisa,Louisa,obese,base,0
Mecklenburg,Brunswick,obese,base,0
Mecklenburg,Charlotte,obese,base,0
Mecklenburg,Halifax,obese,base,0
Mecklenburg,Lunenburg,obese,base,0
Mecklenburg,Mecklenburg,obese,base,0
Newport News City North,Charles City,obese,base,0
Newport News City North,Hampton City,obese,base,0
Newport News City North,Isle Of Wight,obese,base,0
Newport News City North,James City,obese,base,0
Newport News City North,New Kent,obese,base,0
Newport News City North,Newport News City,obese,base,0
Newport News City North,Poquoson City,obese,base,0
Newport News City North,Williamsburg City,obese,base,0
Newport News City North,York,obese,base,0
Orange,Culpeper,obese,base,0
Orange,Greene,obese,base,0
Orange,Madison,obese,base,0
Orange,Orange,obese,base,0
Patrick,Danville City,obese,base,0
Patrick,Franklin,obese,base,0
Patrick,Henry,obese,base,0
Patrick,Martinsville City,obese,base,0
Patrick,Patrick,obese,base,0
Petersburg City,Dinwiddie,obese,base,0
Petersburg City,Hopewell City,obese,base,0
Petersburg City,Petersburg City,obese,base,0
Petersburg City,Prince George,obese,base,0
Petersburg City,Surry,obese,base,0
Pulaski,Bland,obese,base,0
Pulaski,Buchanan,obese,base,0
Pulaski,Carroll,obese,base,0
Pulaski,Galax City,obese,base,0
Pulaski,Giles,obese,base,0
Pulaski,Grayson,obese,base,0
Pulaski,Pulaski,obese,base,0
Pulaski,Radford City,obese,base,0
Pulaski,Smyth,obese,base,0
Pulaski,Tazewell,obese,base,0
Pulaski,Washington,obese,base,0
Pulaski,Wythe,obese,base,0
Richmond City,Chesterfield,obese,base,0
Richmond City,Colonial Heights City,obese,base,0
Richmond City,Henrico,obese,base,0
Richmond City,King William,obese,base,0
Richmond City,Powhatan,obese,base,0
Richmond City,Richmond City,obese,base,0
Rockingham,Augusta,obese,base,0
Rockingham,Bath,obese,base,0
Rockingham,Buena Vista City,obese,base,0
Rockingham,Harrisonburg City,obese,base,0
Rockingham,Highland,obese,base,0
Rockingham,Lexington City,obese,base,0
Rockingham,Rockbridge,obese,base,0
Rockingham,Rockingham,obese,base,0
Rockingham,Staunton City,obese,base,0
Spotsylvania,Fredericksburg City,obese,base,0
Spotsylvania,Spotsylvania,obese,base,0
Spotsylvania,Stafford,obese,base,0
Virginia Beach City North,Accomack,obese,base,0
Virginia Beach City North,Norfolk City,obese,base,0
Virginia Beach City North,Northampton,obese,base,0
Warren,Clarke,obese,base,0
Warren,Fauquier,obese,base,0
Warren,Frederick,obese,base,0
Warren,Page,obese,base,0
Warren,Rappahannock,obese,base,0
Warren,Shenandoah,obese,base,0
Warren,Warren,obese,base,0
Warren,Winchester City,obese,base,0
Albemarle,Fluvanna,diabetes,base,0
Albemarle,Nelson,diabetes,base,0
Albemarle,Waynesboro City,diabetes,base,0
Amelia,Amelia,diabetes,base,0
Amelia,Cumberland,diabetes,base,0
Amelia,Nottoway,diabetes,base,0
Amelia,Prince Edward,diabetes,base,0
Amherst,Amherst,diabetes,base,0
Amherst,Appomattox,diabetes,base,0
Amherst,Buckingham,diabetes,base,0
Amherst,Campbell,diabetes,base,0
Amherst,Lynchburg City,diabetes,base,0
Bedford,Bedford,diabetes,base,0
Bedford,Pittsylvania,diabetes,base,0
Chesapeake City,Chesapeake City,diabetes,base,0
Chesapeake City,Portsmouth City,diabetes,base,0
Chesapeake City,Suffolk City,diabetes,base,0
Chesapeake City,Virginia Beach City,diabetes,base,0
Fairfax,Alexandria City,diabetes,base,0
Fairfax,Arlington,diabetes,base,0
Fairfax,Fairfax City,diabetes,base,0
Fairfax,Fairfax,diabetes,base,0
Fairfax,Falls Church City,diabetes,base,0
Fairfax,Manassas City,diabetes,base,0
Fairfax,Manassas Park City,diabetes,base,0
Fairfax,Prince William,diabetes,base,0
Floyd,Alleghany,diabetes,base,0
Floyd,Botetourt,diabetes,base,0
Floyd,Covington City,diabetes,base,0
Floyd,Craig,diabetes,base,0
Floyd,Floyd,diabetes,base,0
Floyd,Montgomery,diabetes,base,0
Floyd,Roanoke City,diabetes,base,0
Floyd,Roanoke,diabetes,base,0
Floyd,Salem City,diabetes,base,0
Gloucester,Gloucester,diabetes,base,0
Gloucester,King And Queen,diabetes,base,0
Gloucester,Mathews,diabetes,base,0
Gloucester,Middlesex,diabetes,base,0
Greensville,Emporia City,diabetes,base,0
Greensville,Franklin City,diabetes,base,0
Greensville,Greensville,diabetes,base,0
Greensville,Southampton,diabetes,base,0
Greensville,Sussex,diabetes,base,0
Henrico,Goochland,diabetes,base,0
Henrico,Hanover,diabetes,base,0
King George,Caroline,diabetes,base,0
King George,Essex,diabetes,base,0
King George,King George,diabetes,base,0
King George,Westmoreland,diabetes,base,0
Lancaster,Lancaster,diabetes,base,0
Lancaster,Northumberland,diabetes,base,0
Lancaster,Richmond,diabetes,base,0
Lee,Bristol City,diabetes,base,0
Lee,Dickenson,diabetes,base,0
Lee,Lee,diabetes,base,0
Lee,Norton City,diabetes,base,0
Lee,Russell,diabetes,base,0
Lee,Scott,diabetes,base,0
Lee,Wise,diabetes,base,0
Loudoun,Loudoun,diabetes,base,0
Louisa,Albemarle,diabetes,base,0
Louisa,Charlottesville City,diabetes,base,0
Louisa,Louisa,diabetes,base,0
Mecklenburg,Brunswick,diabetes,base,0
Mecklenburg,Charlotte,diabetes,base,0
Mecklenburg,Halifax,diabetes,base,0
Mecklenburg,Lunenburg,diabetes,base,0
Mecklenburg,Mecklenburg,diabetes,base,0
Newport News City North,Charles City,diabetes,base,0
Newport News City North,Hampton City,diabetes,base,0
Newport News City North,Isle Of Wight,diabetes,base,0
Newport News City North,James City,diabetes,base,0
Newport News City North,New Kent,diabetes,base,0
Newport News City North,Newport News City,diabetes,base,0
Newport News City North,Poquoson City,diabetes,base,0
Newport News City North,Williamsburg City,diabetes,base,0
Newport News City North,York,diabetes,base,0
Orange,Culpeper,diabetes,base,0
Orange,Greene,diabetes,base,0
Orange,Madison,diabetes,base,0
Orange,Orange,diabetes,base,0
Patrick,Danville City,diabetes,base,0
Patrick,Franklin,diabetes,base,0
Patrick,Henry,diabetes,base,0
Patrick,Martinsville City,diabetes,base,0
Patrick,Patrick,diabetes,base,0
Petersburg City,Dinwiddie,diabetes,base,0
Petersburg City,Hopewell City,diabetes,base,0
Petersburg City,Petersburg City,diabetes,base,0
Petersburg City,Prince George,diabetes,base,0
Petersburg City,Surry,diabetes,base,0
Pulaski,Bland,diabetes,base,0
Pulaski,Buchanan,diabetes,base,0
Pulaski,Carroll,diabetes,base,0
Pulaski,Galax City,diabetes,base,0
Pulaski,Giles,diabetes,base,0
Pulaski,Grayson,diabetes,base,0
Pulaski,Pulaski,diabetes,base,0
Pulaski,Radford City,diabetes,base,0
Pulaski,Smyth,diabetes,base,0
Pulaski,Tazewell,diabetes,base,0
Pulaski,Washington,diabetes,base,0
Pulaski,Wythe,diabetes,base,0
Richmond City,Chesterfield,diabetes,base,0
Richmond City,Colonial Heights City,diabetes,base,0
Richmond City,Henrico,diabetes,base,0
Richmond City,King William,diabetes,base,0
Richmond City,Powhatan,diabetes,base,0
Richmond City,Richmond City,diabetes,base,0
Rockingham,Augusta,diabetes,base,0
Rockingham,Bath,diabetes,base,0
Rockingham,Buena Vista City,diabetes,base,0
Rockingham,Harrisonburg City,diabetes,base,0
Rockingham,Highland,diabetes,base,0
Rockingham,Lexington City,diabetes,base,0
Rockingham,Rockbridge,diabetes,base,0
Rockingham,Rockingham,diabetes,base,0
Rockingham,Staunton City,diabetes,base,0
Spotsylvania,Fredericksburg City,diabetes,base,0
Spotsylvania,Spotsylvania,diabetes,base,0
Spotsylvania,Stafford,diabetes,base,0
Virginia Beach City North,Accomack,diabetes,base,0
Virginia Beach City North,Norfolk City,diabetes,base,0
Virginia Beach City North,Northampton,diabetes,base,0
Warren,Clarke,diabetes,base,0
Warren,Fauquier,diabetes,base,0
Warren,Frederick,diabetes,base,0
Warren,Page,diabetes,base,0
Warren,Rappahannock,diabetes,base,0
Warren,Shenandoah,diabetes,base,0
Warren,Warren,diabetes,base,0
Warren,Winchester City,diabetes,base,0
Albemarle,Fluvanna,food,base,0
Albemarle,Nelson,food,base,0
Albemarle,Waynesboro City,food,base,0
Amelia,Amelia,food,base,0
Amelia,Cumberland,food,base,0
Amelia,Nottoway,food,base,0
Amelia,Prince Edward,food,base,0
Amherst,Amherst,food,base,0
Amherst,Appomattox,food,base,0
Amherst,Buckingham,food,base,0
Amherst,Campbell,food,base,0
Amherst,Lynchburg City,food,base,0
Bedford,Bedford,food,base,0
Bedford,Pittsylvania,food,base,0
Chesapeake City,Chesapeake City,food,base,0
Chesapeake City,Portsmouth City,food,base,0
Chesapeake City,Suffolk City,food,base,0
Chesapeake City,Virginia Beach City,food,base,0
Fairfax,Alexandria City,food,base,0
Fairfax,Arlington,food,base,0
Fairfax,Fairfax City,food,base,0
Fairfax,Fairfax,food,base,0
Fairfax,Falls Church City,food,base,0
Fairfax,Manassas City,food,base,0
Fairfax,Manassas Park City,food,base,0
Fairfax,Prince William,food,base,0
Floyd,Alleghany,food,base,0
Floyd,Botetourt,food,base,0
Floyd,Covington City,food,base,0
Floyd,Craig,food,base,0
Floyd,Floyd,food,base,0
Floyd,Montgomery,food,base,0
Floyd,Roanoke City,food,base,0
Floyd,Roanoke,food,base,0
Floyd,Salem City,food,base,0
Gloucester,Gloucester,food,base,0
Gloucester,King And Queen,food,base,0
Gloucester,Mathews,food,base,0
Gloucester,Middlesex,food,base,0
Greensville,Emporia City,food,base,0
Greensville,Franklin City,food,base,0
Greensville,Greensville,food,base,0
Greensville,Southampton,food,base,0
Greensville,Sussex,food,base,0
Henrico,Goochland,food,base,0
Henrico,Hanover,food,base,0
King George,Caroline,food,base,0
King George,Essex,food,base,0
King George,King George,food,base,0
King George,Westmoreland,food,base,0
Lancaster,Lancaster,food,base,0
Lancaster,Northumberland,food,base,0
Lancaster,Richmond,food,base,0
Lee,Bristol City,food,base,0
Lee,Dickenson,food,base,0
Lee,Lee,food,base,0
Lee,Norton City,food,base,0
Lee,Russell,food,base,0
Lee,Scott,food,base,0
Lee,Wise,food,base,0
Loudoun,Loudoun,food,base,0
Louisa,Albemarle,food,base,0
Louisa,Charlottesville City,food,base,0
Louisa,Louisa,food,base,0
Mecklenburg,Brunswick,food,base,0
Mecklenburg,Charlotte,food,base,0
Mecklenburg,Halifax,food,base,0
Mecklenburg,Lunenburg,food,base,0
Mecklenburg,Mecklenburg,food,base,0
Newport News City North,Charles City,food,base,0
Newport News City North,Hampton City,food,base,0
Newport News City North,Isle Of Wight,food,base,0
Newport News City North,James City,food,base,0
Newport News City North,New Kent,food,base,0
Newport News City North,Newport News City,food,base,0
Newport News City North,Poquoson City,food,base,0
Newport News City North,Williamsburg City,food,base,0
Newport News City North,York,food,base,0
Orange,Culpeper,food,base,0
Orange,Greene,food,base,0
Orange,Madison,food,base,0
Orange,Orange,food,base,0
Patrick,Danville City,food,base,0
Patrick,Franklin,food,base,0
Patrick,Henry,food,base,0
Patrick,Martinsville City,food,base,0
Patrick,Patrick,food,base,0
Petersburg City,Dinwiddie,food,base,0
Petersburg City,Hopewell City,food,base,0
Petersburg City,Petersburg City,food,base,0
Petersburg City,Prince George,food,base,0
Petersburg City,Surry,food,base,0
Pulaski,Bland,food,base,0
Pulaski,Buchanan,food,base,0
Pulaski,Carroll,food,base,0
Pulaski,Galax City,food,base,0
Pulaski,Giles,food,base,0
Pulaski,Grayson,food,base,0
Pulaski,Pulaski,food,base,0
Pulaski,Radford City,food,base,0
Pulaski,Smyth,food,base,0
Pulaski,Tazewell,food,base,0
Pulaski,Washington,food,base,0
Pulaski,Wythe,food,base,0
Richmond City,Chesterfield,food,base,0
Richmond City,Colonial Heights City,food,base,0
Richmond City,Henrico,food,base,0
Richmond City,King William,food,base,0
Richmond City,Powhatan,food,base,0
Richmond City,Richmond City,food,base,0
Rockingham,Augusta,food,base,0
Rockingham,Bath,food,base,0
Rockingham,Buena Vista City,food,base,0
Rockingham,Harrisonburg City,food,base,0
Rockingham,Highland,food,base,0
Rockingham,Lexington City,food,base,0
Rockingham,Rockbridge,food,base,0
Rockingham,Rockingham,food,base,0
Rockingham,Staunton City,food,base,0
Spotsylvania,Fredericksburg City,food,base,0
Spotsylvania,Spotsylvania,food,base,0
Spotsylvania,Stafford,food,base,0
Virginia Beach City North,Accomack,food,base,0
Virginia Beach City North,Norfolk City,food,base,0
Virginia Beach City North,Northampton,food,base,0
Warren,Clarke,food,base,0
Warren,Fauquier,food,base,0
Warren,Frederick,food,base,0
Warren,Page,food,base,0
Warren,Rappahannock,food,base,0
Warren,Shenandoah,food,base,0
Warren,Warren,food,base,0
Warren,Winchester City,food,base,0
Albemarle,Fluvanna,inactivity,base,0
Albemarle,Nelson,inactivity,base,0
Albemarle,Waynesboro City,inactivity,base,0
Amelia,Amelia,inactivity,base,0
Amelia,Cumberland,inactivity,base,0
Amelia,Nottoway,inactivity,base,0
Amelia,Prince Edward,inactivity,base,0
Amherst,Amherst,inactivity,base,0
Amherst,Appomattox,inactivity,base,0
Amherst,Buckingham,inactivity,base,0
Amherst,Campbell,inactivity,base,0
Amherst,Lynchburg City,inactivity,base,0
Bedford,Bedford,inactivity,base,0
Bedford,Pittsylvania,inactivity,base,0
Chesapeake City,Chesapeake City,inactivity,base,0
Chesapeake City,Portsmouth City,inactivity,base,0
Chesapeake City,Suffolk City,inactivity,base,0
Chesapeake City,Virginia Beach City,inactivity,base,0
Fairfax,Alexandria City,inactivity,base,0
Fairfax,Arlington,inactivity,base,0
Fairfax,Fairfax City,inactivity,base,0
Fairfax,Fairfax,inactivity,base,0
Fairfax,Falls Church City,inactivity,base,0
Fairfax,Manassas City,inactivity,base,0
Fairfax,Manassas Park City,inactivity,base,0
Fairfax,Prince William,inactivity,base,0
Floyd,Alleghany,inactivity,base,0
Floyd,Botetourt,inactivity,base,0
Floyd,Covington City,inactivity,base,0
Floyd,Craig,inactivity,base,0
Floyd,Floyd,inactivity,base,0
Floyd,Montgomery,inactivity,base,0
Floyd,Roanoke City,inactivity,base,0
Floyd,Roanoke,inactivity,base,0
Floyd,Salem City,inactivity,base,0
Gloucester,Gloucester,inactivity,base,0
Gloucester,King And Queen,inactivity,base,0
Gloucester,Mathews,inactivity,base,0
Gloucester,Middlesex,inactivity,base,0
Greensville,Emporia City,inactivity,base,0
Greensville,Franklin City,inactivity,base,0
Greensville,Greensville,inactivity,base,0
Greensville,Southampton,inactivity,base,0
Greensville,Sussex,inactivity,base,0
Henrico,Goochland,inactivity,base,0
Henrico,Hanover,inactivity,base,0
King George,Caroline,inactivity,base,0
King George,Essex,inactivity,base,0
King George,King George,inactivity,base,0
King George,Westmoreland,inactivity,base,0
Lancaster,Lancaster,inactivity,base,0
Lancaster,Northumberland,inactivity,base,0
Lancaster,Richmond,inactivity,base,0
Lee,Bristol City,inactivity,base,0
Lee,Dickenson,inactivity,base,0
Lee,Lee,inactivity,base,0
Lee,Norton City,inactivity,base,0
Lee,Russell,inactivity,base,0
Lee,Scott,inactivity,base,0
Lee,Wise,inactivity,base,0
Loudoun,Loudoun,inactivity,base,0
Louisa,Albemarle,inactivity,base,0
Louisa,Charlottesville City,inactivity,base,0
Louisa,Louisa,inactivity,base,0
Mecklenburg,Brunswick,inactivity,base,0
Mecklenburg,Charlotte,inactivity,base,0
Mecklenburg,Halifax,inactivity,base,0
Mecklenburg,Lunenburg,inactivity,base,0
Mecklenburg,Mecklenburg,inactivity,base,0
Newport News City North,Charles City,inactivity,base,0
Newport News City North,Hampton City,inactivity,base,0
Newport News City North,Isle Of Wight,inactivity,base,0
Newport News City North,James City,inactivity,base,0
Newport News City North,New Kent,inactivity,base,0
Newport News City North,Newport News City,inactivity,base,0
Newport News City North,Poquoson City,inactivity,base,0
Newport News City North,Williamsburg City,inactivity,base,0
Newport News City North,York,inactivity,base,0
Orange,Culpeper,inactivity,base,0
Orange,Greene,inactivity,base,0
Orange,Madison,inactivity,base,0
Orange,Orange,inactivity,base,0
Patrick,Danville City,inactivity,base,0
Patrick,Franklin,inactivity,base,0
Patrick,Henry,inactivity,base,0
Patrick,Martinsville City,inactivity,base,0
Patrick,Patrick,inactivity,base,0
Petersburg City,Dinwiddie,inactivity,base,0
Petersburg City,Hopewell City,inactivity,base,0
Petersburg City,Petersburg City,inactivity,base,0
Petersburg City,Prince George,inactivity,base,0
Petersburg City,Surry,inactivity,base,0
Pulaski,Bland,inactivity,base,0
Pulaski,Buchanan,inactivity,base,0
Pulaski,Carroll,inactivity,base,0
Pulaski,Galax City,inactivity,base,0
Pulaski,Giles,inactivity,base,0
Pulaski,Grayson,inactivity,base,0
Pulaski,Pulaski,inactivity,base,0
Pulaski,Radford City,inactivity,base,0
Pulaski,Smyth,inactivity,base,0
Pulaski,Tazewell,inactivity,base,0
Pulaski,Washington,inactivity,base,0
Pulaski,Wythe,inactivity,base,0
Richmond City,Chesterfield,inactivity,base,0
Richmond City,Colonial Heights City,inactivity,base,0
Richmond City,Henrico,inactivity,base,0
Richmond City,King William,inactivity,base,0
Richmond City,Powhatan,inactivity,base,0
Richmond City,Richmond City,inactivity,base,0
Rockingham,Augusta,inactivity,base,0
Rockingham,Bath,inactivity,base,0
Rockingham,Buena Vista City,inactivity,base,0
Rockingham,Harrisonburg City,inactivity,base,0
Rockingham,Highland,inactivity,base,0
Rockingham,Lexington City,inactivity,base,0
Rockingham,Rockbridge,inactivity,base,0
Rockingham,Rockingham,inactivity,base,0
Rockingham,Staunton City,inactivity,base,0
Spotsylvania,Fredericksburg City,inactivity,base,0
Spotsylvania,Spotsylvania,inactivity,base,0
Spotsylvania,Stafford,inactivity,base,0
Virginia Beach City North,Accomack,inactivity,base,0
Virginia Beach City North,Norfolk City,inactivity,base,0
Virginia Beach City North,Northampton,inactivity,base,0
Warren,Clarke,inactivity,base,0
Warren,Fauquier,inactivity,base,0
Warren,Frederick,inactivity,base,0
Warren,Page,inactivity,base,0
Warren,Rappahannock,inactivity,base,0
Warren,Shenandoah,inactivity,base,0
Warren,Warren,inactivity,base,0
Warren,Winchester City,inactivity,base,0
Albemarle,Fluvanna,lowbirth,base,0
Albemarle,Nelson,lowbirth,base,0
Albemarle,Waynesboro City,lowbirth,base,0
Amelia,Amelia,lowbirth,base,0
Amelia,Cumberland,lowbirth,base,0
Amelia,Nottoway,lowbirth,base,0
Amelia,Prince Edward,lowbirth,base,0
Amherst,Amherst,lowbirth,base,0
Amherst,Appomattox,lowbirth,base,0
Amherst,Buckingham,lowbirth,base,0
Amherst,Campbell,lowbirth,base,0
Amherst,Lynchburg City,lowbirth,base,0
Bedford,Bedford,lowbirth,base,0
Bedford,Pittsylvania,lowbirth,base,0
Chesapeake City,Chesapeake City,lowbirth,base,0
Chesapeake City,Portsmouth City,lowbirth,base,0
Chesapeake City,Suffolk City,lowbirth,base,0
Chesapeake City,Virginia Beach City,lowbirth,base,0
Fairfax,Alexandria City,lowbirth,base,0
Fairfax,Arlington,lowbirth,base,0
Fairfax,Fairfax City,lowbirth,base,0
Fairfax,Fairfax,lowbirth,base,0
Fairfax,Falls Church City,lowbirth,base,0
Fairfax,Manassas City,lowbirth,base,0
Fairfax,Manassas Park City,lowbirth,base,0
Fairfax,Prince William,lowbirth,base,0
Floyd,Alleghany,lowbirth,base,0
Floyd,Botetourt,lowbirth,base,0
Floyd,Covington City,lowbirth,base,0
Floyd,Craig,lowbirth,base,0
Floyd,Floyd,lowbirth,base,0
Floyd,Montgomery,lowbirth,base,0
Floyd,Roanoke City,lowbirth,base,0
Floyd,Roanoke,lowbirth,base,0
Floyd,Salem City,lowbirth,base,0
Gloucester,Gloucester,lowbirth,base,0
Gloucester,King And Queen,lowbirth,base,0
Gloucester,Mathews,lowbirth,base,0
Gloucester,Middlesex,lowbirth,base,0
Greensville,Emporia City,lowbirth,base,0
Greensville,Franklin City,lowbirth,base,0
Greensville,Greensville,lowbirth,base,0
Greensville,Southampton,lowbirth,base,0
Greensville,Sussex,lowbirth,base,0
Henrico,Goochland,lowbirth,base,0
Henrico,Hanover,lowbirth,base,0
King George,Caroline,lowbirth,base,0
King George,Essex,lowbirth,base,0
King George,King George,lowbirth,base,0
King George,Westmoreland,lowbirth,base,0
Lancaster,Lancaster,lowbirth,base,0
Lancaster,Northumberland,lowbirth,base,0
Lancaster,Richmond,lowbirth,base,0
Lee,Bristol City,lowbirth,base,0
Lee,Dickenson,lowbirth,base,0
Lee,Lee,lowbirth,base,0
Lee,Norton City,lowbirth,base,0
Lee,Russell,lowbirth,base,0
Lee,Scott,lowbirth,base,0
Lee,Wise,lowbirth,base,0
Loudoun,Loudoun,lowbirth,base,0
Louisa,Albemarle,lowbirth,base,0
Louisa,Charlottesville City,lowbirth,base,0
Louisa,Louisa,lowbirth,base,0
Mecklenburg,Brunswick,lowbirth,base,0
Mecklenburg,Charlotte,lowbirth,base,0
Mecklenburg,Halifax,lowbirth,base,0
Mecklenburg,Lunenburg,lowbirth,base,0
Mecklenburg,Mecklenburg,lowbirth,base,0
Newport News City North,Charles City,lowbirth,base,0
Newport News City North,Hampton City,lowbirth,base,0
Newport News City North,Isle Of Wight,lowbirth,base,0
Newport News City North,James City,lowbirth,base,0
Newport News City North,New Kent,lowbirth,base,0
Newport News City North,Newport News City,lowbirth,base,0
Newport News City North,Poquoson City,lowbirth,base,0
Newport News City North,Williamsburg City,lowbirth,base,0
Newport News City North,York,lowbirth,base,0
Orange,Culpeper,lowbirth,base,0
Orange,Greene,lowbirth,base,0
Orange,Madison,lowbirth,base,0
Orange,Orange,lowbirth,base,0
Patrick,Danville City,lowbirth,base,0
Patrick,Franklin,lowbirth,base,0
Patrick,Henry,lowbirth,base,0
Patrick,Martinsville City,lowbirth,base,0
Patrick,Patrick,lowbirth,base,0
Petersburg City,Dinwiddie,lowbirth,base,0
Petersburg City,Hopewell City,lowbirth,base,0
Petersburg City,Petersburg City,lowbirth,base,0
Petersburg City,Prince George,lowbirth,base,0
Petersburg City,Surry,lowbirth,base,0
Pulaski,Bland,lowbirth,base,0
Pulaski,Buchanan,lowbirth,base,0
Pulaski,Carroll,lowbirth,base,0
Pulaski,Galax City,lowbirth,base,0
Pulaski,Giles,lowbirth,base,0
Pulaski,Grayson,lowbirth,base,0
Pulaski,Pulaski,lowbirth,base,0
Pulaski,Radford City,lowbirth,base,0
Pulaski,Smyth,lowbirth,base,0
Pulaski,Tazewell,lowbirth,base,0
Pulaski,Washington,lowbirth,base,0
Pulaski,Wythe,lowbirth,base,0
Richmond City,Chesterfield,lowbirth,base,0
Richmond City,Colonial Heights City,lowbirth,base,0
Richmond City,Henrico,lowbirth,base,0
Richmond City,King William,lowbirth,base,0
Richmond City,Powhatan,lowbirth,base,0
Richmond City,Richmond City,lowbirth,base,0
Rockingham,Augusta,lowbirth,base,0
Rockingham,Bath,lowbirth,base,0
Rockingham,Buena Vista City,lowbirth,base,0
Rockingham,Harrisonburg City,lowbirth,base,0
Rockingham,Highland,lowbirth,base,0
Rockingham,Lexington City,lowbirth,base,0
Rockingham,Rockbridge,lowbirth,base,0
Rockingham,Rockingham,lowbirth,base,0
Rockingham,Staunton City,lowbirth,base,0
Spotsylvania,Fredericksburg City,lowbirth,base,0
Spotsylvania,Spotsylvania,lowbirth,base,0
Spotsylvania,Stafford,lowbirth,base,0
Virginia Beach City North,Accomack,lowbirth,base,0
Virginia Beach City North,Norfolk City,lowbirth,base,0
Virginia Beach City North,Northampton,lowbirth,base,0
Warren,Clarke,lowbirth,base,0
Warren,Fauquier,lowbirth,base,0
Warren,Frederick,lowbirth,base,0
Warren,Page,lowbirth,base,0
Warren,Rappahannock,lowbirth,base,0
Warren,Shenandoah,lowbirth,base,0
Warren,Warren,lowbirth,base,0
Warren,Winchester City,lowbirth,base,0
Albemarle,Fluvanna,aggregate,one,0
Albemarle,Nelson,aggregate,one,0
Albemarle,Waynesboro City,aggregate,one,0
Amelia,Amelia,aggregate,one,0
Amelia,Cumberland,aggregate,one,0
Amelia,Nottoway,aggregate,one,0
Amelia,Prince Edward,aggregate,one,0
Amherst,Amherst,aggregate,one,0
Amherst,Appomattox,aggregate,one,0
Amherst,Buckingham,aggregate,one,0
Amherst,Campbell,aggregate,one,0
Amherst,Lynchburg City,aggregate,one,0
Bedford,Bedford,aggregate,one,0
Bedford,Pittsylvania,aggregate,one,0
Chesapeake City,Chesapeake City,aggregate,one,0
Chesapeake City,Portsmouth City,aggregate,one,0
Chesapeake City,Suffolk City,aggregate,one,0
Chesapeake City,Virginia Beach City,aggregate,one,0
Fairfax,Fairfax City,aggregate,one,0
Fairfax,Fairfax,aggregate,one,0
Fairfax,Falls Church City,aggregate,one,0
Fairfax,Manassas City,aggregate,one,0
Fairfax,Manassas Park City,aggregate,one,0
Fairfax,Prince William,aggregate,one,0
Floyd,Alleghany,aggregate,one,0
Floyd,Botetourt,aggregate,one,0
Floyd,Covington City,aggregate,one,0
Floyd,Craig,aggregate,one,0
Floyd,Floyd,aggregate,one,0
Floyd,Montgomery,aggregate,one,0
Floyd,Roanoke City,aggregate,one,0
Floyd,Roanoke,aggregate,one,0
Floyd,Salem City,aggregate,one,0
Gloucester,Gloucester,aggregate,one,0
Gloucester,King And Queen,aggregate,one,0
Gloucester,Mathews,aggregate,one,0
Gloucester,Middlesex,aggregate,one,0
Greensville,Emporia City,aggregate,one,0
Greensville,Franklin City,aggregate,one,0
Greensville,Greensville,aggregate,one,0
Greensville,Southampton,aggregate,one,0
Greensville,Sussex,aggregate,one,0
Henrico,Goochland,aggregate,one,0
Henrico,Hanover,aggregate,one,0
King George,Caroline,aggregate,one,0
King George,Essex,aggregate,one,0
King George,King George,aggregate,one,0
King George,Westmoreland,aggregate,one,0
Lancaster,Lancaster,aggregate,one,0
Lancaster,Northumberland,aggregate,one,0
Lancaster,Richmond,aggregate,one,0
Lee,Bristol City,aggregate,one,0
Lee,Dickenson,aggregate,one,0
Lee,Lee,aggregate,one,0
Lee,Norton City,aggregate,one,0
Lee,Russell,aggregate,one,0
Lee,Scott,aggregate,one,0
Lee,Wise,aggregate,one,0
Loudoun,Loudoun,aggregate,one,0
Louisa,Albemarle,aggregate,one,0
Louisa,Charlottesville City,aggregate,one,0
Louisa,Louisa,aggregate,one,0
Mecklenburg,Brunswick,aggregate,one,0
Mecklenburg,Charlotte,aggregate,one,0
Mecklenburg,Halifax,aggregate,one,0
Mecklenburg,Lunenburg,aggregate,one,0
Mecklenburg,Mecklenburg,aggregate,one,0
Newport News City North,Charles City,aggregate,one,0
Newport News City North,Hampton City,aggregate,one,0
Newport News City North,Isle Of Wight,aggregate,one,0
Newport News City North,James City,aggregate,one,0
Newport News City North,New Kent,aggregate,one,0
Newport News City North,Newport News City,aggregate,one,0
Newport News City North,Poquoson City,aggregate,one,0
Newport News City North,Williamsburg City,aggregate,one,0
Newport News City North,York,aggregate,one,0
Orange,Culpeper,aggregate,one,0
Orange,Greene,aggregate,one,0
Orange,Madison,aggregate,one,0
Orange,Orange,aggregate,one,0
Patrick,Danville City,aggregate,one,0
Patrick,Franklin,aggregate,one,0
Patrick,Henry,aggregate,one,0
Patrick,Martinsville City,aggregate,one,0
Patrick,Patrick,aggregate,one,0
Petersburg City,Dinwiddie,aggregate,one,0
Petersburg City,Hopewell City,aggregate,one,0
Petersburg City,Petersburg City,aggregate,one,0
Petersburg City,Prince George,aggregate,one,0
Petersburg City,Surry,aggregate,one,0
Pulaski,Bland,aggregate,one,0
Pulaski,Buchanan,aggregate,one,0
Pulaski,Carroll,aggregate,one,0
Pulaski,Galax City,aggregate,one,0
Pulaski,Giles,aggregate,one,0
Pulaski,Grayson,aggregate,one,0
Pulaski,Pulaski,aggregate,one,0
Pulaski,Radford City,aggregate,one,0
Pulaski,Smyth,aggregate,one,0
Pulaski,Tazewell,aggregate,one,0
Pulaski,Washington,aggregate,one,0
Pulaski,Wythe,aggregate,one,0
Richmond City,Chesterfield,aggregate,one,0
Richmond City,Colonial Heights City,aggregate,one,0
Richmond City,Henrico,aggregate,one,0
Richmond City,King William,aggregate,one,0
Richmond City,Powhatan,aggregate,one,0
Richmond City,Richmond City,aggregate,one,0
Rockingham,Augusta,aggregate,one,0
Rockingham,Bath,aggregate,one,0
Rockingham,Buena Vista City,aggregate,one,0
Rockingham,Harrisonburg City,aggregate,one,0
Rockingham,Highland,aggregate,one,0
Rockingham,Lexington City,aggregate,one,0
Rockingham,Rockbridge,aggregate,one,0
Rockingham,Rockingham,aggregate,one,0
Rockingham,Staunton City,aggregate,one,0
Spotsylvania,Fredericksburg City,aggregate,one,0
Spotsylvania,Spotsylvania,aggregate,one,0
Spotsylvania,Stafford,aggregate,one,0
Virginia Beach City North,Accomack,aggregate,one,0
Virginia Beach City North,Norfolk City,aggregate,one,0
Virginia Beach City North,Northampton,aggregate,one,0
Warren,Clarke,aggregate,one,0
Warren,Fauquier,aggregate,one,0
Warren,Frederick,aggregate,one,0
Warren,Page,aggregate,one,0
Warren,Rappahannock,aggregate,one,0
Warren,Shenandoah,aggregate,one,0
Warren,Warren,aggregate,one,0
Warren,Winchester City,aggregate,one,0
Arlington,Alexandria City,aggregate,one,1
Arlington,Arlington,aggregate,one,1
Albemarle,Fluvanna,obese,one,0
Albemarle,Nelson,obese,one,0
Albemarle,Waynesboro City,obese,one,0
Amelia,Amelia,obese,one,0
Amelia,Cumberland,obese,one,0
Amelia,Nottoway,obese,one,0
Amelia,Prince Edward,obese,one,0
Amherst,Amherst,obese,one,0
Amherst,Appomattox,obese,one,0
Amherst,Buckingham,obese,one,0
Amherst,Campbell,obese,one,0
Amherst,Lynchburg City,obese,one,0
Bedford,Bedford,obese,one,0
Bedford,Pittsylvania,obese,one,0
Chesapeake City,Chesapeake City,obese,one,0
Chesapeake City,Portsmouth City,obese,one,0
Chesapeake City,Suffolk City,obese,one,0
Chesapeake City,Virginia Beach City,obese,one,0
Fairfax,Fairfax City,obese,one,0
Fairfax,Fairfax,obese,one,0
Fairfax,Falls Church City,obese,one,0
Fairfax,Manassas City,obese,one,0
Fairfax,Manassas Park City,obese,one,0
Fairfax,Prince William,obese,one,0
Floyd,Alleghany,obese,one,0
Floyd,Botetourt,obese,one,0
Floyd,Covington City,obese,one,0
Floyd,Craig,obese,one,0
Floyd,Floyd,obese,one,0
Floyd,Montgomery,obese,one,0
Floyd,Roanoke City,obese,one,0
Floyd,Roanoke,obese,one,0
Floyd,Salem City,obese,one,0
Gloucester,Gloucester,obese,one,0
Gloucester,King And Queen,obese,one,0
Gloucester,Mathews,obese,one,0
Gloucester,Middlesex,obese,one,0
Greensville,Emporia City,obese,one,0
Greensville,Franklin City,obese,one,0
Greensville,Greensville,obese,one,0
Greensville,Southampton,obese,one,0
Greensville,Sussex,obese,one,0
Henrico,Goochland,obese,one,0
Henrico,Hanover,obese,one,0
King George,Caroline,obese,one,0
King George,Essex,obese,one,0
King George,King George,obese,one,0
King George,Westmoreland,obese,one,0
Lancaster,Lancaster,obese,one,0
Lancaster,Northumberland,obese,one,0
Lancaster,Richmond,obese,one,0
Lee,Bristol City,obese,one,0
Lee,Dickenson,obese,one,0
Lee,Lee,obese,one,0
Lee,Norton City,obese,one,0
Lee,Russell,obese,one,0
Lee,Scott,obese,one,0
Lee,Wise,obese,one,0
Loudoun,Loudoun,obese,one,0
Louisa,Albemarle,obese,one,0
Louisa,Charlottesville City,obese,one,0
Louisa,Louisa,obese,one,0
Mecklenburg,Brunswick,obese,one,0
Mecklenburg,Charlotte,obese,one,0
Mecklenburg,Halifax,obese,one,0
Mecklenburg,Lunenburg,obese,one,0
Mecklenburg,Mecklenburg,obese,one,0
Newport News City North,Charles City,obese,one,0
Newport News City North,Hampton City,obese,one,0
Newport News City North,Isle Of Wight,obese,one,0
Newport News City North,James City,obese,one,0
Newport News City North,New Kent,obese,one,0
Newport News City North,Newport News City,obese,one,0
Newport News City North,Poquoson City,obese,one,0
Newport News City North,Williamsburg City,obese,one,0
Newport News City North,York,obese,one,0
Orange,Culpeper,obese,one,0
Orange,Greene,obese,one,0
Orange,Madison,obese,one,0
Orange,Orange,obese,one,0
Patrick,Danville City,obese,one,0
Patrick,Franklin,obese,one,0
Patrick,Henry,obese,one,0
Patrick,Martinsville City,obese,one,0
Patrick,Patrick,obese,one,0
Petersburg City,Dinwiddie,obese,one,0
Petersburg City,Hopewell City,obese,one,0
Petersburg City,Petersburg City,obese,one,0
Petersburg City,Prince George,obese,one,0
Petersburg City,Surry,obese,one,0
Pulaski,Bland,obese,one,0
Pulaski,Buchanan,obese,one,0
Pulaski,Carroll,obese,one,0
Pulaski,Galax City,obese,one,0
Pulaski,Giles,obese,one,0
Pulaski,Grayson,obese,one,0
Pulaski,Pulaski,obese,one,0
Pulaski,Radford City,obese,one,0
Pulaski,Smyth,obese,one,0
Pulaski,Tazewell,obese,one,0
Pulaski,Washington,obese,one,0
Pulaski,Wythe,obese,one,0
Richmond City,Chesterfield,obese,one,0
Richmond City,Colonial Heights City,obese,one,0
Richmond City,Henrico,obese,one,0
Richmond City,King William,obese,one,0
Richmond City,Powhatan,obese,one,0
Richmond City,Richmond City,obese,one,0
Rockingham,Augusta,obese,one,0
Rockingham,Bath,obese,one,0
Rockingham,Buena Vista City,obese,one,0
Rockingham,Harrisonburg City,obese,one,0
Rockingham,Highland,obese,one,0
Rockingham,Lexington City,obese,one,0
Rockingham,Rockbridge,obese,one,0
Rockingham,Rockingham,obese,one,0
Rockingham,Staunton City,obese,one,0
Spotsylvania,Fredericksburg City,obese,one,0
Spotsylvania,Spotsylvania,obese,one,0
Spotsylvania,Stafford,obese,one,0
Virginia Beach City North,Accomack,obese,one,0
Virginia Beach City North,Norfolk City,obese,one,0
Virginia Beach City North,Northampton,obese,one,0
Warren,Clarke,obese,one,0
Warren,Fauquier,obese,one,0
Warren,Frederick,obese,one,0
Warren,Page,obese,one,0
Warren,Rappahannock,obese,one,0
Warren,Shenandoah,obese,one,0
Warren,Warren,obese,one,0
Warren,Winchester City,obese,one,0
Arlington,Alexandria City,obese,one,1
Arlington,Arlington,obese,one,1
Albemarle,Fluvanna,diabetes,one,0
Albemarle,Nelson,diabetes,one,0
Albemarle,Waynesboro City,diabetes,one,0
Amelia,Amelia,diabetes,one,0
Amelia,Cumberland,diabetes,one,0
Amelia,Nottoway,diabetes,one,0
Amelia,Prince Edward,diabetes,one,0
Amherst,Amherst,diabetes,one,0
Amherst,Appomattox,diabetes,one,0
Amherst,Buckingham,diabetes,one,0
Amherst,Campbell,diabetes,one,0
Amherst,Lynchburg City,diabetes,one,0
Bedford,Bedford,diabetes,one,0
Bedford,Pittsylvania,diabetes,one,0
Chesapeake City,Chesapeake City,diabetes,one,0
Chesapeake City,Portsmouth City,diabetes,one,0
Chesapeake City,Suffolk City,diabetes,one,0
Chesapeake City,Virginia Beach City,diabetes,one,0
Fairfax,Alexandria City,diabetes,one,0
Fairfax,Arlington,diabetes,one,0
Fairfax,Fairfax City,diabetes,one,0
Fairfax,Fairfax,diabetes,one,0
Fairfax,Falls Church City,diabetes,one,0
Fairfax,Manassas City,diabetes,one,0
Fairfax,Manassas Park City,diabetes,one,0
Fairfax,Prince William,diabetes,one,0
Floyd,Alleghany,diabetes,one,0
Floyd,Botetourt,diabetes,one,0
Floyd,Covington City,diabetes,one,0
Floyd,Craig,diabetes,one,0
Floyd,Floyd,diabetes,one,0
Floyd,Montgomery,diabetes,one,0
Floyd,Roanoke City,diabetes,one,0
Floyd,Roanoke,diabetes,one,0
Floyd,Salem City,diabetes,one,0
Gloucester,Gloucester,diabetes,one,0
Gloucester,King And Queen,diabetes,one,0
Gloucester,Mathews,diabetes,one,0
Gloucester,Middlesex,diabetes,one,0
Greensville,Emporia City,diabetes,one,0
Greensville,Franklin City,diabetes,one,0
Greensville,Greensville,diabetes,one,0
Greensville,Southampton,diabetes,one,0
Greensville,Sussex,diabetes,one,0
Henrico,Goochland,diabetes,one,0
Henrico,Hanover,diabetes,one,0
King George,Caroline,diabetes,one,0
King George,Essex,diabetes,one,0
King George,King George,diabetes,one,0
King George,Westmoreland,diabetes,one,0
Lancaster,Lancaster,diabetes,one,0
Lancaster,Northumberland,diabetes,one,0
Lancaster,Richmond,diabetes,one,0
Lee,Bristol City,diabetes,one,0
Lee,Dickenson,diabetes,one,0
Lee,Lee,diabetes,one,0
Lee,Norton City,diabetes,one,0
Lee,Russell,diabetes,one,0
Lee,Scott,diabetes,one,0
Lee,Wise,diabetes,one,0
Loudoun,Loudoun,diabetes,one,0
Louisa,Albemarle,diabetes,one,0
Louisa,Charlottesville City,diabetes,one,0
Louisa,Louisa,diabetes,one,0
Mecklenburg,Brunswick,diabetes,one,0
Mecklenburg,Charlotte,diabetes,one,0
Mecklenburg,Halifax,diabetes,one,0
Mecklenburg,Lunenburg,diabetes,one,0
Mecklenburg,Mecklenburg,diabetes,one,0
Newport News City North,Charles City,diabetes,one,0
Newport News City North,Hampton City,diabetes,one,0
Newport News City North,Isle Of Wight,diabetes,one,0
Newport News City North,James City,diabetes,one,0
Newport News City North,New Kent,diabetes,one,0
Newport News City North,Newport News City,diabetes,one,0
Newport News City North,Poquoson City,diabetes,one,0
Newport News City North,Williamsburg City,diabetes,one,0
Newport News City North,York,diabetes,one,0
Orange,Culpeper,diabetes,one,0
Orange,Greene,diabetes,one,0
Orange,Madison,diabetes,one,0
Orange,Orange,diabetes,one,0
Patrick,Danville City,diabetes,one,0
Patrick,Franklin,diabetes,one,0
Patrick,Henry,diabetes,one,0
Patrick,Martinsville City,diabetes,one,0
Patrick,Patrick,diabetes,one,0
Petersburg City,Dinwiddie,diabetes,one,0
Petersburg City,Hopewell City,diabetes,one,0
Petersburg City,Petersburg City,diabetes,one,0
Petersburg City,Prince George,diabetes,one,0
Petersburg City,Surry,diabetes,one,0
Pulaski,Bland,diabetes,one,0
Pulaski,Buchanan,diabetes,one,0
Pulaski,Carroll,diabetes,one,0
Pulaski,Galax City,diabetes,one,0
Pulaski,Giles,diabetes,one,0
Pulaski,Grayson,diabetes,one,0
Pulaski,Pulaski,diabetes,one,0
Pulaski,Radford City,diabetes,one,0
Pulaski,Smyth,diabetes,one,0
Pulaski,Tazewell,diabetes,one,0
Pulaski,Washington,diabetes,one,0
Pulaski,Wythe,diabetes,one,0
Richmond City,Chesterfield,diabetes,one,0
Richmond City,Colonial Heights City,diabetes,one,0
Richmond City,Henrico,diabetes,one,0
Richmond City,King William,diabetes,one,0
Richmond City,Powhatan,diabetes,one,0
Richmond City,Richmond City,diabetes,one,0
Rockingham,Augusta,diabetes,one,0
Rockingham,Harrisonburg City,diabetes,one,0
Rockingham,Highland,diabetes,one,0
Rockingham,Rockingham,diabetes,one,0
Rockingham,Staunton City,diabetes,one,0
Spotsylvania,Fredericksburg City,diabetes,one,0
Spotsylvania,Spotsylvania,diabetes,one,0
Spotsylvania,Stafford,diabetes,one,0
Virginia Beach City North,Accomack,diabetes,one,0
Virginia Beach City North,Norfolk City,diabetes,one,0
Virginia Beach City North,Northampton,diabetes,one,0
Warren,Clarke,diabetes,one,0
Warren,Fauquier,diabetes,one,0
Warren,Frederick,diabetes,one,0
Warren,Page,diabetes,one,0
Warren,Rappahannock,diabetes,one,0
Warren,Shenandoah,diabetes,one,0
Warren,Warren,diabetes,one,0
Warren,Winchester City,diabetes,one,0
Rockbridge,Bath,diabetes,one,1
Rockbridge,Buena Vista City,diabetes,one,1
Rockbridge,Lexington City,diabetes,one,1
Rockbridge,Rockbridge,diabetes,one,1
Albemarle,Fluvanna,food,one,0
Albemarle,Nelson,food,one,0
Albemarle,Waynesboro City,food,one,0
Amelia,Amelia,food,one,0
Amelia,Cumberland,food,one,0
Amelia,Nottoway,food,one,0
Amelia,Prince Edward,food,one,0
Amherst,Amherst,food,one,0
Amherst,Appomattox,food,one,0
Amherst,Buckingham,food,one,0
Amherst,Campbell,food,one,0
Amherst,Lynchburg City,food,one,0
Bedford,Bedford,food,one,0
Bedford,Pittsylvania,food,one,0
Chesapeake City,Chesapeake City,food,one,0
Chesapeake City,Portsmouth City,food,one,0
Chesapeake City,Suffolk City,food,one,0
Chesapeake City,Virginia Beach City,food,one,0
Fairfax,Fairfax City,food,one,0
Fairfax,Fairfax,food,one,0
Fairfax,Falls Church City,food,one,0
Fairfax,Manassas City,food,one,0
Fairfax,Manassas Park City,food,one,0
Fairfax,Prince William,food,one,0
Floyd,Alleghany,food,one,0
Floyd,Botetourt,food,one,0
Floyd,Covington City,food,one,0
Floyd,Craig,food,one,0
Floyd,Floyd,food,one,0
Floyd,Montgomery,food,one,0
Floyd,Roanoke City,food,one,0
Floyd,Roanoke,food,one,0
Floyd,Salem City,food,one,0
Gloucester,Gloucester,food,one,0
Gloucester,King And Queen,food,one,0
Gloucester,Mathews,food,one,0
Gloucester,Middlesex,food,one,0
Greensville,Emporia City,food,one,0
Greensville,Franklin City,food,one,0
Greensville,Greensville,food,one,0
Greensville,Southampton,food,one,0
Greensville,Sussex,food,one,0
Henrico,Goochland,food,one,0
Henrico,Hanover,food,one,0
King George,Caroline,food,one,0
King George,Essex,food,one,0
King George,King George,food,one,0
King George,Westmoreland,food,one,0
Lancaster,Lancaster,food,one,0
Lancaster,Northumberland,food,one,0
Lancaster,Richmond,food,one,0
Lee,Bristol City,food,one,0
Lee,Dickenson,food,one,0
Lee,Lee,food,one,0
Lee,Norton City,food,one,0
Lee,Russell,food,one,0
Lee,Scott,food,one,0
Lee,Wise,food,one,0
Loudoun,Loudoun,food,one,0
Louisa,Albemarle,food,one,0
Louisa,Charlottesville City,food,one,0
Louisa,Louisa,food,one,0
Mecklenburg,Brunswick,food,one,0
Mecklenburg,Charlotte,food,one,0
Mecklenburg,Halifax,food,one,0
Mecklenburg,Lunenburg,food,one,0
Mecklenburg,Mecklenburg,food,one,0
Newport News City North,Charles City,food,one,0
Newport News City North,Hampton City,food,one,0
Newport News City North,Isle Of Wight,food,one,0
Newport News City North,James City,food,one,0
Newport News City North,New Kent,food,one,0
Newport News City North,Newport News City,food,one,0
Newport News City North,Poquoson City,food,one,0
Newport News City North,Williamsburg City,food,one,0
Newport News City North,York,food,one,0
Orange,Culpeper,food,one,0
Orange,Greene,food,one,0
Orange,Madison,food,one,0
Orange,Orange,food,one,0
Patrick,Danville City,food,one,0
Patrick,Franklin,food,one,0
Patrick,Henry,food,one,0
Patrick,Martinsville City,food,one,0
Patrick,Patrick,food,one,0
Petersburg City,Dinwiddie,food,one,0
Petersburg City,Hopewell City,food,one,0
Petersburg City,Petersburg City,food,one,0
Petersburg City,Prince George,food,one,0
Petersburg City,Surry,food,one,0
Pulaski,Bland,food,one,0
Pulaski,Buchanan,food,one,0
Pulaski,Carroll,food,one,0
Pulaski,Galax City,food,one,0
Pulaski,Giles,food,one,0
Pulaski,Grayson,food,one,0
Pulaski,Pulaski,food,one,0
Pulaski,Radford City,food,one,0
Pulaski,Smyth,food,one,0
Pulaski,Tazewell,food,one,0
Pulaski,Washington,food,one,0
Pulaski,Wythe,food,one,0
Richmond City,Chesterfield,food,one,0
Richmond City,Colonial Heights City,food,one,0
Richmond City,Henrico,food,one,0
Richmond City,King William,food,one,0
Richmond City,Powhatan,food,one,0
Richmond City,Richmond City,food,one,0
Rockingham,Augusta,food,one,0
Rockingham,Bath,food,one,0
Rockingham,Buena Vista City,food,one,0
Rockingham,Harrisonburg City,food,one,0
Rockingham,Highland,food,one,0
Rockingham,Lexington City,food,one,0
Rockingham,Rockbridge,food,one,0
Rockingham,Rockingham,food,one,0
Rockingham,Staunton City,food,one,0
Spotsylvania,Fredericksburg City,food,one,0
Spotsylvania,Spotsylvania,food,one,0
Spotsylvania,Stafford,food,one,0
Virginia Beach City North,Accomack,food,one,0
Virginia Beach City North,Norfolk City,food,one,0
Virginia Beach City North,Northampton,food,one,0
Warren,Clarke,food,one,0
Warren,Fauquier,food,one,0
Warren,Frederick,food,one,0
Warren,Page,food,one,0
Warren,Rappahannock,food,one,0
Warren,Shenandoah,food,one,0
Warren,Warren,food,one,0
Warren,Winchester City,food,one,0
Arlington,Alexandria City,food,one,1
Arlington,Arlington,food,one,1
Albemarle,Fluvanna,inactivity,one,0
Albemarle,Nelson,inactivity,one,0
Albemarle,Waynesboro City,inactivity,one,0
Amelia,Amelia,inactivity,one,0
Amelia,Cumberland,inactivity,one,0
Amelia,Nottoway,inactivity,one,0
Amelia,Prince Edward,inactivity,one,0
Amherst,Amherst,inactivity,one,0
Amherst,Appomattox,inactivity,one,0
Amherst,Buckingham,inactivity,one,0
Amherst,Campbell,inactivity,one,0
Amherst,Lynchburg City,inactivity,one,0
Bedford,Bedford,inactivity,one,0
Bedford,Pittsylvania,inactivity,one,0
Chesapeake City,Chesapeake City,inactivity,one,0
Chesapeake City,Portsmouth City,inactivity,one,0
Chesapeake City,Suffolk City,inactivity,one,0
Chesapeake City,Virginia Beach City,inactivity,one,0
Fairfax,Fairfax City,inactivity,one,0
Fairfax,Fairfax,inactivity,one,0
Fairfax,Falls Church City,inactivity,one,0
Fairfax,Manassas City,inactivity,one,0
Fairfax,Manassas Park City,inactivity,one,0
Fairfax,Prince William,inactivity,one,0
Floyd,Alleghany,inactivity,one,0
Floyd,Botetourt,inactivity,one,0
Floyd,Covington City,inactivity,one,0
Floyd,Craig,inactivity,one,0
Floyd,Floyd,inactivity,one,0
Floyd,Montgomery,inactivity,one,0
Floyd,Roanoke City,inactivity,one,0
Floyd,Roanoke,inactivity,one,0
Floyd,Salem City,inactivity,one,0
Gloucester,Gloucester,inactivity,one,0
Gloucester,King And Queen,inactivity,one,0
Gloucester,Mathews,inactivity,one,0
Gloucester,Middlesex,inactivity,one,0
Greensville,Emporia City,inactivity,one,0
Greensville,Franklin City,inactivity,one,0
Greensville,Greensville,inactivity,one,0
Greensville,Southampton,inactivity,one,0
Greensville,Sussex,inactivity,one,0
Henrico,Goochland,inactivity,one,0
Henrico,Hanover,inactivity,one,0
King George,Caroline,inactivity,one,0
King George,Essex,inactivity,one,0
King George,King George,inactivity,one,0
King George,Westmoreland,inactivity,one,0
Lancaster,Lancaster,inactivity,one,0
Lancaster,Northumberland,inactivity,one,0
Lancaster,Richmond,inactivity,one,0
Lee,Bristol City,inactivity,one,0
Lee,Dickenson,inactivity,one,0
Lee,Lee,inactivity,one,0
Lee,Norton City,inactivity,one,0
Lee,Russell,inactivity,one,0
Lee,Scott,inactivity,one,0
Lee,Wise,inactivity,one,0
Loudoun,Loudoun,inactivity,one,0
Louisa,Albemarle,inactivity,one,0
Louisa,Charlottesville City,inactivity,one,0
Louisa,Louisa,inactivity,one,0
Mecklenburg,Brunswick,inactivity,one,0
Mecklenburg,Charlotte,inactivity,one,0
Mecklenburg,Halifax,inactivity,one,0
Mecklenburg,Lunenburg,inactivity,one,0
Mecklenburg,Mecklenburg,inactivity,one,0
Newport News City North,Charles City,inactivity,one,0
Newport News City North,Hampton City,inactivity,one,0
Newport News City North,Isle Of Wight,inactivity,one,0
Newport News City North,James City,inactivity,one,0
Newport News City North,New Kent,inactivity,one,0
Newport News City North,Newport News City,inactivity,one,0
Newport News City North,Poquoson City,inactivity,one,0
Newport News City North,Williamsburg City,inactivity,one,0
Newport News City North,York,inactivity,one,0
Orange,Culpeper,inactivity,one,0
Orange,Greene,inactivity,one,0
Orange,Madison,inactivity,one,0
Orange,Orange,inactivity,one,0
Patrick,Danville City,inactivity,one,0
Patrick,Franklin,inactivity,one,0
Patrick,Henry,inactivity,one,0
Patrick,Martinsville City,inactivity,one,0
Patrick,Patrick,inactivity,one,0
Petersburg City,Dinwiddie,inactivity,one,0
Petersburg City,Hopewell City,inactivity,one,0
Petersburg City,Petersburg City,inactivity,one,0
Petersburg City,Prince George,inactivity,one,0
Petersburg City,Surry,inactivity,one,0
Pulaski,Bland,inactivity,one,0
Pulaski,Buchanan,inactivity,one,0
Pulaski,Carroll,inactivity,one,0
Pulaski,Galax City,inactivity,one,0
Pulaski,Giles,inactivity,one,0
Pulaski,Grayson,inactivity,one,0
Pulaski,Pulaski,inactivity,one,0
Pulaski,Radford City,inactivity,one,0
Pulaski,Smyth,inactivity,one,0
Pulaski,Tazewell,inactivity,one,0
Pulaski,Washington,inactivity,one,0
Pulaski,Wythe,inactivity,one,0
Richmond City,Chesterfield,inactivity,one,0
Richmond City,Colonial Heights City,inactivity,one,0
Richmond City,Henrico,inactivity,one,0
Richmond City,King William,inactivity,one,0
Richmond City,Powhatan,inactivity,one,0
Richmond City,Richmond City,inactivity,one,0
Rockingham,Augusta,inactivity,one,0
Rockingham,Bath,inactivity,one,0
Rockingham,Buena Vista City,inactivity,one,0
Rockingham,Harrisonburg City,inactivity,one,0
Rockingham,Highland,inactivity,one,0
Rockingham,Lexington City,inactivity,one,0
Rockingham,Rockbridge,inactivity,one,0
Rockingham,Rockingham,inactivity,one,0
Rockingham,Staunton City,inactivity,one,0
Spotsylvania,Fredericksburg City,inactivity,one,0
Spotsylvania,Spotsylvania,inactivity,one,0
Spotsylvania,Stafford,inactivity,one,0
Virginia Beach City North,Accomack,inactivity,one,0
Virginia Beach City North,Norfolk City,inactivity,one,0
Virginia Beach City North,Northampton,inactivity,one,0
Warren,Clarke,inactivity,one,0
Warren,Fauquier,inactivity,one,0
Warren,Frederick,inactivity,one,0
Warren,Page,inactivity,one,0
Warren,Rappahannock,inactivity,one,0
Warren,Shenandoah,inactivity,one,0
Warren,Warren,inactivity,one,0
Warren,Winchester City,inactivity,one,0
Arlington,Alexandria City,inactivity,one,1
Arlington,Arlington,inactivity,one,1
Albemarle,Fluvanna,lowbirth,one,0
Albemarle,Nelson,lowbirth,one,0
Albemarle,Waynesboro City,lowbirth,one,0
Amelia,Amelia,lowbirth,one,0
Amelia,Cumberland,lowbirth,one,0
Amelia,Nottoway,lowbirth,one,0
Amelia,Prince Edward,lowbirth,one,0
Amherst,Amherst,lowbirth,one,0
Amherst,Appomattox,lowbirth,one,0
Amherst,Buckingham,lowbirth,one,0
Amherst,Campbell,lowbirth,one,0
Amherst,Lynchburg City,lowbirth,one,0
Bedford,Bedford,lowbirth,one,0
Bedford,Pittsylvania,lowbirth,one,0
Chesapeake City,Chesapeake City,lowbirth,one,0
Chesapeake City,Portsmouth City,lowbirth,one,0
Chesapeake City,Suffolk City,lowbirth,one,0
Chesapeake City,Virginia Beach City,lowbirth,one,0
Fairfax,Alexandria City,lowbirth,one,0
Fairfax,Arlington,lowbirth,one,0
Fairfax,Fairfax City,lowbirth,one,0
Fairfax,Fairfax,lowbirth,one,0
Fairfax,Falls Church City,lowbirth,one,0
Fairfax,Manassas City,lowbirth,one,0
Fairfax,Manassas Park City,lowbirth,one,0
Fairfax,Prince William,lowbirth,one,0
Floyd,Alleghany,lowbirth,one,0
Floyd,Botetourt,lowbirth,one,0
Floyd,Covington City,lowbirth,one,0
Floyd,Craig,lowbirth,one,0
Floyd,Floyd,lowbirth,one,0
Floyd,Montgomery,lowbirth,one,0
Floyd,Roanoke City,lowbirth,one,0
Floyd,Roanoke,lowbirth,one,0
Floyd,Salem City,lowbirth,one,0
Gloucester,Gloucester,lowbirth,one,0
Gloucester,King And Queen,lowbirth,one,0
Gloucester,Mathews,lowbirth,one,0
Gloucester,Middlesex,lowbirth,one,0
Greensville,Emporia City,lowbirth,one,0
Greensville,Franklin City,lowbirth,one,0
Greensville,Greensville,lowbirth,one,0
Greensville,Southampton,lowbirth,one,0
Greensville,Sussex,lowbirth,one,0
Henrico,Goochland,lowbirth,one,0
Henrico,Hanover,lowbirth,one,0
King George,Caroline,lowbirth,one,0
King George,Essex,lowbirth,one,0
King George,King George,lowbirth,one,0
King George,Westmoreland,lowbirth,one,0
Lancaster,Lancaster,lowbirth,one,0
Lancaster,Northumberland,lowbirth,one,0
Lancaster,Richmond,lowbirth,one,0
Lee,Bristol City,lowbirth,one,0
Lee,Dickenson,lowbirth,one,0
Lee,Lee,lowbirth,one,0
Lee,Norton City,lowbirth,one,0
Lee,Russell,lowbirth,one,0
Lee,Scott,lowbirth,one,0
Lee,Wise,lowbirth,one,0
Loudoun,Loudoun,lowbirth,one,0
Louisa,Albemarle,lowbirth,one,0
Louisa,Charlottesville City,lowbirth,one,0
Louisa,Louisa,lowbirth,one,0
Mecklenburg,Brunswick,lowbirth,one,0
Mecklenburg,Charlotte,lowbirth,one,0
Mecklenburg,Halifax,lowbirth,one,0
Mecklenburg,Lunenburg,lowbirth,one,0
Mecklenburg,Mecklenburg,lowbirth,one,0
Newport News City North,Charles City,lowbirth,one,0
Newport News City North,Hampton City,lowbirth,one,0
Newport News City North,Isle Of Wight,lowbirth,one,0
Newport News City North,James City,lowbirth,one,0
Newport News City North,New Kent,lowbirth,one,0
Newport News City North,Newport News City,lowbirth,one,0
Newport News City North,Poquoson City,lowbirth,one,0
Newport News City North,Williamsburg City,lowbirth,one,0
Newport News City North,York,lowbirth,one,0
Orange,Culpeper,lowbirth,one,0
Orange,Greene,lowbirth,one,0
Orange,Madison,lowbirth,one,0
Orange,Orange,lowbirth,one,0
Patrick,Danville City,lowbirth,one,0
Patrick,Franklin,lowbirth,one,0
Patrick,Henry,lowbirth,one,0
Patrick,Martinsville City,lowbirth,one,0
Patrick,Patrick,lowbirth,one,0
Petersburg City,Dinwiddie,lowbirth,one,0
Petersburg City,Hopewell City,lowbirth,one,0
Petersburg City,Petersburg City,lowbirth,one,0
Petersburg City,Prince George,lowbirth,one,0
Petersburg City,Surry,lowbirth,one,0
Pulaski,Bland,lowbirth,one,0
Pulaski,Buchanan,lowbirth,one,0
Pulaski,Carroll,lowbirth,one,0
Pulaski,Galax City,lowbirth,one,0
Pulaski,Giles,lowbirth,one,0
Pulaski,Grayson,lowbirth,one,0
Pulaski,Pulaski,lowbirth,one,0
Pulaski,Radford City,lowbirth,one,0
Pulaski,Smyth,lowbirth,one,0
Pulaski,Tazewell,lowbirth,one,0
Pulaski,Washington,lowbirth,one,0
Pulaski,Wythe,lowbirth,one,0
Richmond City,Chesterfield,lowbirth,one,0
Richmond City,Colonial Heights City,lowbirth,one,0
Richmond City,Henrico,lowbirth,one,0
Richmond City,King William,lowbirth,one,0
Richmond City,Powhatan,lowbirth,one,0
Richmond City,Richmond City,lowbirth,one,0
Rockingham,Augusta,lowbirth,one,0
Rockingham,Harrisonburg City,lowbirth,one,0
Rockingham,Highland,lowbirth,one,0
Rockingham,Rockingham,lowbirth,one,0
Rockingham,Staunton City,lowbirth,one,0
Spotsylvania,Fredericksburg City,lowbirth,one,0
Spotsylvania,Spotsylvania,lowbirth,one,0
Spotsylvania,Stafford,lowbirth,one,0
Virginia Beach City North,Accomack,lowbirth,one,0
Virginia Beach City North,Norfolk City,lowbirth,one,0
Virginia Beach City North,Northampton,lowbirth,one,0
Warren,Clarke,lowbirth,one,0
Warren,Fauquier,lowbirth,one,0
Warren,Frederick,lowbirth,one,0
Warren,Page,lowbirth,one,0
Warren,Rappahannock,lowbirth,one,0
Warren,Shenandoah,lowbirth,one,0
Warren,Warren,lowbirth,one,0
Warren,Winchester City,lowbirth,one,0
Rockbridge,Bath,lowbirth,one,1
Rockbridge,Buena Vista City,lowbirth,one,1
Rockbridge,Lexington City,lowbirth,one,1
Rockbridge,Rockbridge,lowbirth,one,1
Albemarle,Fluvanna,aggregate,two,0
Albemarle,Nelson,aggregate,two,0
Albemarle,Waynesboro City,aggregate,two,0
Amelia,Amelia,aggregate,two,0
Amelia,Cumberland,aggregate,two,0
Amelia,Nottoway,aggregate,two,0
Amelia,Prince Edward,aggregate,two,0
Amherst,Amherst,aggregate,two,0
Amherst,Appomattox,aggregate,two,0
Amherst,Buckingham,aggregate,two,0
Amherst,Campbell,aggregate,two,0
Amherst,Lynchburg City,aggregate,two,0
Bedford,Bedford,aggregate,two,0
Bedford,Pittsylvania,aggregate,two,0
Chesapeake City,Chesapeake City,aggregate,two,0
Chesapeake City,Portsmouth City,aggregate,two,0
Chesapeake City,Suffolk City,aggregate,two,0
Chesapeake City,Virginia Beach City,aggregate,two,0
Fairfax,Fairfax City,aggregate,two,0
Fairfax,Fairfax,aggregate,two,0
Fairfax,Falls Church City,aggregate,two,0
Fairfax,Manassas City,aggregate,two,0
Fairfax,Manassas Park City,aggregate,two,0
Fairfax,Prince William,aggregate,two,0
Floyd,Alleghany,aggregate,two,0
Floyd,Botetourt,aggregate,two,0
Floyd,Covington City,aggregate,two,0
Floyd,Craig,aggregate,two,0
Floyd,Floyd,aggregate,two,0
Floyd,Montgomery,aggregate,two,0
Floyd,Roanoke City,aggregate,two,0
Floyd,Roanoke,aggregate,two,0
Floyd,Salem City,aggregate,two,0
Gloucester,Gloucester,aggregate,two,0
Gloucester,King And Queen,aggregate,two,0
Gloucester,Mathews,aggregate,two,0
Gloucester,Middlesex,aggregate,two,0
Greensville,Emporia City,aggregate,two,0
Greensville,Franklin City,aggregate,two,0
Greensville,Greensville,aggregate,two,0
Greensville,Southampton,aggregate,two,0
Greensville,Sussex,aggregate,two,0
Henrico,Goochland,aggregate,two,0
Henrico,Hanover,aggregate,two,0
King George,Caroline,aggregate,two,0
King George,Essex,aggregate,two,0
King George,King George,aggregate,two,0
King George,Westmoreland,aggregate,two,0
Lancaster,Lancaster,aggregate,two,0
Lancaster,Northumberland,aggregate,two,0
Lancaster,Richmond,aggregate,two,0
Lee,Bristol City,aggregate,two,0
Lee,Dickenson,aggregate,two,0
Lee,Lee,aggregate,two,0
Lee,Norton City,aggregate,two,0
Lee,Russell,aggregate,two,0
Lee,Scott,aggregate,two,0
Lee,Wise,aggregate,two,0
Loudoun,Loudoun,aggregate,two,0
Louisa,Albemarle,aggregate,two,0
Louisa,Charlottesville City,aggregate,two,0
Louisa,Louisa,aggregate,two,0
Mecklenburg,Brunswick,aggregate,two,0
Mecklenburg,Charlotte,aggregate,two,0
Mecklenburg,Halifax,aggregate,two,0
Mecklenburg,Lunenburg,aggregate,two,0
Mecklenburg,Mecklenburg,aggregate,two,0
Newport News City North,Charles City,aggregate,two,0
Newport News City North,Hampton City,aggregate,two,0
Newport News City North,Isle Of Wight,aggregate,two,0
Newport News City North,James City,aggregate,two,0
Newport News City North,New Kent,aggregate,two,0
Newport News City North,Newport News City,aggregate,two,0
Newport News City North,Poquoson City,aggregate,two,0
Newport News City North,Williamsburg City,aggregate,two,0
Newport News City North,York,aggregate,two,0
Orange,Culpeper,aggregate,two,0
Orange,Greene,aggregate,two,0
Orange,Madison,aggregate,two,0
Orange,Orange,aggregate,two,0
Patrick,Danville City,aggregate,two,0
Patrick,Franklin,aggregate,two,0
Patrick,Henry,aggregate,two,0
Patrick,Martinsville City,aggregate,two,0
Patrick,Patrick,aggregate,two,0
Petersburg City,Dinwiddie,aggregate,two,0
Petersburg City,Hopewell City,aggregate,two,0
Petersburg City,Petersburg City,aggregate,two,0
Petersburg City,Prince George,aggregate,two,0
Petersburg City,Surry,aggregate,two,0
Pulaski,Bland,aggregate,two,0
Pulaski,Buchanan,aggregate,two,0
Pulaski,Carroll,aggregate,two,0
Pulaski,Galax City,aggregate,two,0
Pulaski,Giles,aggregate,two,0
Pulaski,Grayson,aggregate,two,0
Pulaski,Pulaski,aggregate,two,0
Pulaski,Radford City,aggregate,two,0
Pulaski,Smyth,aggregate,two,0
Pulaski,Tazewell,aggregate,two,0
Pulaski,Washington,aggregate,two,0
Pulaski,Wythe,aggregate,two,0
Richmond City,Chesterfield,aggregate,two,0
Richmond City,Colonial Heights City,aggregate,two,0
Richmond City,Henrico,aggregate,two,0
Richmond City,King William,aggregate,two,0
Richmond City,Powhatan,aggregate,two,0
Richmond City,Richmond City,aggregate,two,0
Rockingham,Augusta,aggregate,two,0
Rockingham,Harrisonburg City,aggregate,two,0
Rockingham,Highland,aggregate,two,0
Rockingham,Rockingham,aggregate,two,0
Rockingham,Staunton City,aggregate,two,0
Spotsylvania,Fredericksburg City,aggregate,two,0
Spotsylvania,Spotsylvania,aggregate,two,0
Spotsylvania,Stafford,aggregate,two,0
Virginia Beach City North,Accomack,aggregate,two,0
Virginia Beach City North,Norfolk City,aggregate,two,0
Virginia Beach City North,Northampton,aggregate,two,0
Warren,Clarke,aggregate,two,0
Warren,Fauquier,aggregate,two,0
Warren,Frederick,aggregate,two,0
Warren,Page,aggregate,two,0
Warren,Rappahannock,aggregate,two,0
Warren,Shenandoah,aggregate,two,0
Warren,Warren,aggregate,two,0
Warren,Winchester City,aggregate,two,0
Arlington,Alexandria City,aggregate,two,1
Arlington,Arlington,aggregate,two,1
Rockbridge,Bath,aggregate,two,1
Rockbridge,Buena Vista City,aggregate,two,1
Rockbridge,Lexington City,aggregate,two,1
Rockbridge,Rockbridge,aggregate,two,1
Albemarle,Fluvanna,obese,two,0
Albemarle,Nelson,obese,two,0
Albemarle,Waynesboro City,obese,two,0
Amelia,Amelia,obese,two,0
Amelia,Cumberland,obese,two,0
Amelia,Nottoway,obese,two,0
Amelia,Prince Edward,obese,two,0
Amherst,Amherst,obese,two,0
Amherst,Appomattox,obese,two,0
Amherst,Buckingham,obese,two,0
Amherst,Campbell,obese,two,0
Amherst,Lynchburg City,obese,two,0
Bedford,Bedford,obese,two,0
Bedford,Pittsylvania,obese,two,0
Chesapeake City,Chesapeake City,obese,two,0
Chesapeake City,Portsmouth City,obese,two,0
Chesapeake City,Suffolk City,obese,two,0
Chesapeake City,Virginia Beach City,obese,two,0
Fairfax,Fairfax City,obese,two,0
Fairfax,Fairfax,obese,two,0
Fairfax,Falls Church City,obese,two,0
Fairfax,Manassas City,obese,two,0
Fairfax,Manassas Park City,obese,two,0
Fairfax,Prince William,obese,two,0
Floyd,Alleghany,obese,two,0
Floyd,Botetourt,obese,two,0
Floyd,Covington City,obese,two,0
Floyd,Craig,obese,two,0
Floyd,Floyd,obese,two,0
Floyd,Montgomery,obese,two,0
Floyd,Roanoke City,obese,two,0
Floyd,Roanoke,obese,two,0
Floyd,Salem City,obese,two,0
Gloucester,Gloucester,obese,two,0
Gloucester,King And Queen,obese,two,0
Gloucester,Mathews,obese,two,0
Gloucester,Middlesex,obese,two,0
Greensville,Emporia City,obese,two,0
Greensville,Franklin City,obese,two,0
Greensville,Greensville,obese,two,0
Greensville,Southampton,obese,two,0
Greensville,Sussex,obese,two,0
Henrico,Goochland,obese,two,0
Henrico,Hanover,obese,two,0
King George,Caroline,obese,two,0
King George,Essex,obese,two,0
King George,King George,obese,two,0
King George,Westmoreland,obese,two,0
Lancaster,Lancaster,obese,two,0
Lancaster,Northumberland,obese,two,0
Lancaster,Richmond,obese,two,0
Lee,Bristol City,obese,two,0
Lee,Dickenson,obese,two,0
Lee,Lee,obese,two,0
Lee,Norton City,obese,two,0
Lee,Russell,obese,two,0
Lee,Scott,obese,two,0
Lee,Wise,obese,two,0
Loudoun,Loudoun,obese,two,0
Louisa,Albemarle,obese,two,0
Louisa,Charlottesville City,obese,two,0
Louisa,Louisa,obese,two,0
Mecklenburg,Brunswick,obese,two,0
Mecklenburg,Charlotte,obese,two,0
Mecklenburg,Halifax,obese,two,0
Mecklenburg,Lunenburg,obese,two,0
Mecklenburg,Mecklenburg,obese,two,0
Newport News City North,Charles City,obese,two,0
Newport News City North,Hampton City,obese,two,0
Newport News City North,Isle Of Wight,obese,two,0
Newport News City North,James City,obese,two,0
Newport News City North,New Kent,obese,two,0
Newport News City North,Newport News City,obese,two,0
Newport News City North,Poquoson City,obese,two,0
Newport News City North,Williamsburg City,obese,two,0
Newport News City North,York,obese,two,0
Orange,Culpeper,obese,two,0
Orange,Greene,obese,two,0
Orange,Madison,obese,two,0
Orange,Orange,obese,two,0
Patrick,Danville City,obese,two,0
Patrick,Franklin,obese,two,0
Patrick,Henry,obese,two,0
Patrick,Martinsville City,obese,two,0
Patrick,Patrick,obese,two,0
Petersburg City,Dinwiddie,obese,two,0
Petersburg City,Hopewell City,obese,two,0
Petersburg City,Petersburg City,obese,two,0
Petersburg City,Prince George,obese,two,0
Petersburg City,Surry,obese,two,0
Pulaski,Bland,obese,two,0
Pulaski,Buchanan,obese,two,0
Pulaski,Carroll,obese,two,0
Pulaski,Galax City,obese,two,0
Pulaski,Giles,obese,two,0
Pulaski,Grayson,obese,two,0
Pulaski,Pulaski,obese,two,0
Pulaski,Radford City,obese,two,0
Pulaski,Smyth,obese,two,0
Pulaski,Tazewell,obese,two,0
Pulaski,Washington,obese,two,0
Pulaski,Wythe,obese,two,0
Richmond City,Chesterfield,obese,two,0
Richmond City,Colonial Heights City,obese,two,0
Richmond City,Henrico,obese,two,0
Richmond City,King William,obese,two,0
Richmond City,Powhatan,obese,two,0
Richmond City,Richmond City,obese,two,0
Rockingham,Augusta,obese,two,0
Rockingham,Harrisonburg City,obese,two,0
Rockingham,Highland,obese,two,0
Rockingham,Rockingham,obese,two,0
Rockingham,Staunton City,obese,two,0
Spotsylvania,Fredericksburg City,obese,two,0
Spotsylvania,Spotsylvania,obese,two,0
Spotsylvania,Stafford,obese,two,0
Virginia Beach City North,Accomack,obese,two,0
Virginia Beach City North,Norfolk City,obese,two,0
Virginia Beach City North,Northampton,obese,two,0
Warren,Clarke,obese,two,0
Warren,Fauquier,obese,two,0
Warren,Frederick,obese,two,0
Warren,Page,obese,two,0
Warren,Rappahannock,obese,two,0
Warren,Shenandoah,obese,two,0
Warren,Warren,obese,two,0
Warren,Winchester City,obese,two,0
Arlington,Alexandria City,obese,two,1
Arlington,Arlington,obese,two,1
Rockbridge,Bath,obese,two,1
Rockbridge,Buena Vista City,obese,two,1
Rockbridge,Lexington City,obese,two,1
Rockbridge,Rockbridge,obese,two,1
Albemarle,Fluvanna,diabetes,two,0
Albemarle,Nelson,diabetes,two,0
Albemarle,Waynesboro City,diabetes,two,0
Amelia,Amelia,diabetes,two,0
Amelia,Cumberland,diabetes,two,0
Amelia,Nottoway,diabetes,two,0
Amelia,Prince Edward,diabetes,two,0
Amherst,Amherst,diabetes,two,0
Amherst,Appomattox,diabetes,two,0
Amherst,Buckingham,diabetes,two,0
Amherst,Campbell,diabetes,two,0
Amherst,Lynchburg City,diabetes,two,0
Bedford,Bedford,diabetes,two,0
Bedford,Pittsylvania,diabetes,two,0
Chesapeake City,Chesapeake City,diabetes,two,0
Chesapeake City,Portsmouth City,diabetes,two,0
Chesapeake City,Suffolk City,diabetes,two,0
Chesapeake City,Virginia Beach City,diabetes,two,0
Fairfax,Fairfax City,diabetes,two,0
Fairfax,Fairfax,diabetes,two,0
Fairfax,Falls Church City,diabetes,two,0
Fairfax,Manassas City,diabetes,two,0
Fairfax,Manassas Park City,diabetes,two,0
Fairfax,Prince William,diabetes,two,0
Floyd,Alleghany,diabetes,two,0
Floyd,Botetourt,diabetes,two,0
Floyd,Covington City,diabetes,two,0
Floyd,Craig,diabetes,two,0
Floyd,Floyd,diabetes,two,0
Floyd,Montgomery,diabetes,two,0
Floyd,Roanoke City,diabetes,two,0
Floyd,Roanoke,diabetes,two,0
Floyd,Salem City,diabetes,two,0
Gloucester,Gloucester,diabetes,two,0
Gloucester,King And Queen,diabetes,two,0
Gloucester,Mathews,diabetes,two,0
Gloucester,Middlesex,diabetes,two,0
Greensville,Emporia City,diabetes,two,0
Greensville,Franklin City,diabetes,two,0
Greensville,Greensville,diabetes,two,0
Greensville,Southampton,diabetes,two,0
Greensville,Sussex,diabetes,two,0
Henrico,Goochland,diabetes,two,0
Henrico,Hanover,diabetes,two,0
King George,Caroline,diabetes,two,0
King George,Essex,diabetes,two,0
King George,King George,diabetes,two,0
King George,Westmoreland,diabetes,two,0
Lancaster,Lancaster,diabetes,two,0
Lancaster,Northumberland,diabetes,two,0
Lancaster,Richmond,diabetes,two,0
Lee,Bristol City,diabetes,two,0
Lee,Dickenson,diabetes,two,0
Lee,Lee,diabetes,two,0
Lee,Norton City,diabetes,two,0
Lee,Russell,diabetes,two,0
Lee,Scott,diabetes,two,0
Lee,Wise,diabetes,two,0
Loudoun,Loudoun,diabetes,two,0
Louisa,Albemarle,diabetes,two,0
Louisa,Charlottesville City,diabetes,two,0
Louisa,Louisa,diabetes,two,0
Mecklenburg,Brunswick,diabetes,two,0
Mecklenburg,Charlotte,diabetes,two,0
Mecklenburg,Halifax,diabetes,two,0
Mecklenburg,Lunenburg,diabetes,two,0
Mecklenburg,Mecklenburg,diabetes,two,0
Newport News City North,Charles City,diabetes,two,0
Newport News City North,Hampton City,diabetes,two,0
Newport News City North,Isle Of Wight,diabetes,two,0
Newport News City North,James City,diabetes,two,0
Newport News City North,New Kent,diabetes,two,0
Newport News City North,Newport News City,diabetes,two,0
Newport News City North,Poquoson City,diabetes,two,0
Newport News City North,Williamsburg City,diabetes,two,0
Newport News City North,York,diabetes,two,0
Orange,Culpeper,diabetes,two,0
Orange,Greene,diabetes,two,0
Orange,Madison,diabetes,two,0
Orange,Orange,diabetes,two,0
Patrick,Danville City,diabetes,two,0
Patrick,Franklin,diabetes,two,0
Patrick,Henry,diabetes,two,0
Patrick,Martinsville City,diabetes,two,0
Patrick,Patrick,diabetes,two,0
Petersburg City,Dinwiddie,diabetes,two,0
Petersburg City,Hopewell City,diabetes,two,0
Petersburg City,Petersburg City,diabetes,two,0
Petersburg City,Prince George,diabetes,two,0
Petersburg City,Surry,diabetes,two,0
Pulaski,Bland,diabetes,two,0
Pulaski,Buchanan,diabetes,two,0
Pulaski,Carroll,diabetes,two,0
Pulaski,Galax City,diabetes,two,0
Pulaski,Giles,diabetes,two,0
Pulaski,Grayson,diabetes,two,0
Pulaski,Pulaski,diabetes,two,0
Pulaski,Radford City,diabetes,two,0
Pulaski,Smyth,diabetes,two,0
Pulaski,Tazewell,diabetes,two,0
Pulaski,Washington,diabetes,two,0
Pulaski,Wythe,diabetes,two,0
Richmond City,Chesterfield,diabetes,two,0
Richmond City,Colonial Heights City,diabetes,two,0
Richmond City,Henrico,diabetes,two,0
Richmond City,King William,diabetes,two,0
Richmond City,Powhatan,diabetes,two,0
Richmond City,Richmond City,diabetes,two,0
Rockingham,Augusta,diabetes,two,0
Rockingham,Harrisonburg City,diabetes,two,0
Rockingham,Highland,diabetes,two,0
Rockingham,Rockingham,diabetes,two,0
Rockingham,Staunton City,diabetes,two,0
Spotsylvania,Fredericksburg City,diabetes,two,0
Spotsylvania,Spotsylvania,diabetes,two,0
Spotsylvania,Stafford,diabetes,two,0
Virginia Beach City North,Accomack,diabetes,two,0
Virginia Beach City North,Norfolk City,diabetes,two,0
Virginia Beach City North,Northampton,diabetes,two,0
Warren,Clarke,diabetes,two,0
Warren,Fauquier,diabetes,two,0
Warren,Frederick,diabetes,two,0
Warren,Page,diabetes,two,0
Warren,Rappahannock,diabetes,two,0
Warren,Shenandoah,diabetes,two,0
Warren,Warren,diabetes,two,0
Warren,Winchester City,diabetes,two,0
Arlington,Alexandria City,diabetes,two,1
Arlington,Arlington,diabetes,two,1
Rockbridge,Bath,diabetes,two,1
Rockbridge,Buena Vista City,diabetes,two,1
Rockbridge,Lexington City,diabetes,two,1
Rockbridge,Rockbridge,diabetes,two,1
Albemarle,Fluvanna,food,two,0
Albemarle,Nelson,food,two,0
Albemarle,Waynesboro City,food,two,0
Amelia,Amelia,food,two,0
Amelia,Cumberland,food,two,0
Amelia,Nottoway,food,two,0
Amelia,Prince Edward,food,two,0
Amherst,Amherst,food,two,0
Amherst,Appomattox,food,two,0
Amherst,Buckingham,food,two,0
Amherst,Campbell,food,two,0
Amherst,Lynchburg City,food,two,0
Bedford,Bedford,food,two,0
Bedford,Pittsylvania,food,two,0
Chesapeake City,Chesapeake City,food,two,0
Chesapeake City,Portsmouth City,food,two,0
Chesapeake City,Suffolk City,food,two,0
Chesapeake City,Virginia Beach City,food,two,0
Fairfax,Fairfax City,food,two,0
Fairfax,Fairfax,food,two,0
Fairfax,Falls Church City,food,two,0
Fairfax,Manassas City,food,two,0
Fairfax,Manassas Park City,food,two,0
Fairfax,Prince William,food,two,0
Floyd,Alleghany,food,two,0
Floyd,Botetourt,food,two,0
Floyd,Covington City,food,two,0
Floyd,Craig,food,two,0
Floyd,Floyd,food,two,0
Floyd,Montgomery,food,two,0
Floyd,Roanoke City,food,two,0
Floyd,Roanoke,food,two,0
Floyd,Salem City,food,two,0
Gloucester,Gloucester,food,two,0
Gloucester,King And Queen,food,two,0
Gloucester,Mathews,food,two,0
Gloucester,Middlesex,food,two,0
Greensville,Emporia City,food,two,0
Greensville,Franklin City,food,two,0
Greensville,Greensville,food,two,0
Greensville,Southampton,food,two,0
Greensville,Sussex,food,two,0
Henrico,Goochland,food,two,0
Henrico,Hanover,food,two,0
King George,Caroline,food,two,0
King George,Essex,food,two,0
King George,King George,food,two,0
King George,Westmoreland,food,two,0
Lancaster,Lancaster,food,two,0
Lancaster,Northumberland,food,two,0
Lancaster,Richmond,food,two,0
Lee,Bristol City,food,two,0
Lee,Dickenson,food,two,0
Lee,Lee,food,two,0
Lee,Norton City,food,two,0
Lee,Russell,food,two,0
Lee,Scott,food,two,0
Lee,Wise,food,two,0
Loudoun,Loudoun,food,two,0
Louisa,Albemarle,food,two,0
Louisa,Charlottesville City,food,two,0
Louisa,Louisa,food,two,0
Mecklenburg,Brunswick,food,two,0
Mecklenburg,Charlotte,food,two,0
Mecklenburg,Halifax,food,two,0
Mecklenburg,Lunenburg,food,two,0
Mecklenburg,Mecklenburg,food,two,0
Newport News City North,Charles City,food,two,0
Newport News City North,Hampton City,food,two,0
Newport News City North,Isle Of Wight,food,two,0
Newport News City North,James City,food,two,0
Newport News City North,New Kent,food,two,0
Newport News City North,Newport News City,food,two,0
Newport News City North,Poquoson City,food,two,0
Newport News City North,Williamsburg City,food,two,0
Newport News City North,York,food,two,0
Orange,Culpeper,food,two,0
Orange,Greene,food,two,0
Orange,Madison,food,two,0
Orange,Orange,food,two,0
Patrick,Danville City,food,two,0
Patrick,Franklin,food,two,0
Patrick,Henry,food,two,0
Patrick,Martinsville City,food,two,0
Patrick,Patrick,food,two,0
Petersburg City,Dinwiddie,food,two,0
Petersburg City,Hopewell City,food,two,0
Petersburg City,Petersburg City,food,two,0
Petersburg City,Prince George,food,two,0
Petersburg City,Surry,food,two,0
Pulaski,Bland,food,two,0
Pulaski,Buchanan,food,two,0
Pulaski,Carroll,food,two,0
Pulaski,Galax City,food,two,0
Pulaski,Giles,food,two,0
Pulaski,Grayson,food,two,0
Pulaski,Pulaski,food,two,0
Pulaski,Radford City,food,two,0
Pulaski,Smyth,food,two,0
Pulaski,Tazewell,food,two,0
Pulaski,Washington,food,two,0
Pulaski,Wythe,food,two,0
Richmond City,Chesterfield,food,two,0
Richmond City,Colonial Heights City,food,two,0
Richmond City,Henrico,food,two,0
Richmond City,King William,food,two,0
Richmond City,Powhatan,food,two,0
Richmond City,Richmond City,food,two,0
Rockingham,Augusta,food,two,0
Rockingham,Harrisonburg City,food,two,0
Rockingham,Highland,food,two,0
Rockingham,Rockingham,food,two,0
Rockingham,Staunton City,food,two,0
Spotsylvania,Fredericksburg City,food,two,0
Spotsylvania,Spotsylvania,food,two,0
Spotsylvania,Stafford,food,two,0
Virginia Beach City North,Accomack,food,two,0
Virginia Beach City North,Norfolk City,food,two,0
Virginia Beach City North,Northampton,food,two,0
Warren,Clarke,food,two,0
Warren,Fauquier,food,two,0
Warren,Frederick,food,two,0
Warren,Page,food,two,0
Warren,Rappahannock,food,two,0
Warren,Shenandoah,food,two,0
Warren,Warren,food,two,0
Warren,Winchester City,food,two,0
Arlington,Alexandria City,food,two,1
Arlington,Arlington,food,two,1
Rockbridge,Bath,food,two,1
Rockbridge,Buena Vista City,food,two,1
Rockbridge,Lexington City,food,two,1
Rockbridge,Rockbridge,food,two,1
Albemarle,Fluvanna,inactivity,two,0
Albemarle,Nelson,inactivity,two,0
Albemarle,Waynesboro City,inactivity,two,0
Amelia,Amelia,inactivity,two,0
Amelia,Cumberland,inactivity,two,0
Amelia,Nottoway,inactivity,two,0
Amelia,Prince Edward,inactivity,two,0
Amherst,Amherst,inactivity,two,0
Amherst,Appomattox,inactivity,two,0
Amherst,Buckingham,inactivity,two,0
Amherst,Campbell,inactivity,two,0
Amherst,Lynchburg City,inactivity,two,0
Bedford,Bedford,inactivity,two,0
Bedford,Pittsylvania,inactivity,two,0
Chesapeake City,Chesapeake City,inactivity,two,0
Chesapeake City,Portsmouth City,inactivity,two,0
Chesapeake City,Suffolk City,inactivity,two,0
Chesapeake City,Virginia Beach City,inactivity,two,0
Fairfax,Fairfax City,inactivity,two,0
Fairfax,Fairfax,inactivity,two,0
Fairfax,Falls Church City,inactivity,two,0
Fairfax,Manassas City,inactivity,two,0
Fairfax,Manassas Park City,inactivity,two,0
Fairfax,Prince William,inactivity,two,0
Floyd,Alleghany,inactivity,two,0
Floyd,Botetourt,inactivity,two,0
Floyd,Covington City,inactivity,two,0
Floyd,Craig,inactivity,two,0
Floyd,Floyd,inactivity,two,0
Floyd,Montgomery,inactivity,two,0
Floyd,Roanoke City,inactivity,two,0
Floyd,Roanoke,inactivity,two,0
Floyd,Salem City,inactivity,two,0
Gloucester,Gloucester,inactivity,two,0
Gloucester,King And Queen,inactivity,two,0
Gloucester,Mathews,inactivity,two,0
Gloucester,Middlesex,inactivity,two,0
Greensville,Emporia City,inactivity,two,0
Greensville,Franklin City,inactivity,two,0
Greensville,Greensville,inactivity,two,0
Greensville,Southampton,inactivity,two,0
Greensville,Sussex,inactivity,two,0
Henrico,Goochland,inactivity,two,0
Henrico,Hanover,inactivity,two,0
King George,Caroline,inactivity,two,0
King George,Essex,inactivity,two,0
King George,King George,inactivity,two,0
King George,Westmoreland,inactivity,two,0
Lancaster,Lancaster,inactivity,two,0
Lancaster,Northumberland,inactivity,two,0
Lancaster,Richmond,inactivity,two,0
Lee,Bristol City,inactivity,two,0
Lee,Dickenson,inactivity,two,0
Lee,Lee,inactivity,two,0
Lee,Norton City,inactivity,two,0
Lee,Russell,inactivity,two,0
Lee,Scott,inactivity,two,0
Lee,Wise,inactivity,two,0
Loudoun,Loudoun,inactivity,two,0
Louisa,Albemarle,inactivity,two,0
Louisa,Charlottesville City,inactivity,two,0
Louisa,Louisa,inactivity,two,0
Mecklenburg,Brunswick,inactivity,two,0
Mecklenburg,Charlotte,inactivity,two,0
Mecklenburg,Halifax,inactivity,two,0
Mecklenburg,Lunenburg,inactivity,two,0
Mecklenburg,Mecklenburg,inactivity,two,0
Newport News City North,Charles City,inactivity,two,0
Newport News City North,Hampton City,inactivity,two,0
Newport News City North,Isle Of Wight,inactivity,two,0
Newport News City North,James City,inactivity,two,0
Newport News City North,New Kent,inactivity,two,0
Newport News City North,Newport News City,inactivity,two,0
Newport News City North,Poquoson City,inactivity,two,0
Newport News City North,Williamsburg City,inactivity,two,0
Newport News City North,York,inactivity,two,0
Orange,Culpeper,inactivity,two,0
Orange,Greene,inactivity,two,0
Orange,Madison,inactivity,two,0
Orange,Orange,inactivity,two,0
Patrick,Danville City,inactivity,two,0
Patrick,Franklin,inactivity,two,0
Patrick,Henry,inactivity,two,0
Patrick,Martinsville City,inactivity,two,0
Patrick,Patrick,inactivity,two,0
Petersburg City,Dinwiddie,inactivity,two,0
Petersburg City,Hopewell City,inactivity,two,0
Petersburg City,Petersburg City,inactivity,two,0
Petersburg City,Prince George,inactivity,two,0
Petersburg City,Surry,inactivity,two,0
Pulaski,Bland,inactivity,two,0
Pulaski,Buchanan,inactivity,two,0
Pulaski,Carroll,inactivity,two,0
Pulaski,Galax City,inactivity,two,0
Pulaski,Giles,inactivity,two,0
Pulaski,Grayson,inactivity,two,0
Pulaski,Pulaski,inactivity,two,0
Pulaski,Radford City,inactivity,two,0
Pulaski,Smyth,inactivity,two,0
Pulaski,Tazewell,inactivity,two,0
Pulaski,Washington,inactivity,two,0
Pulaski,Wythe,inactivity,two,0
Richmond City,Chesterfield,inactivity,two,0
Richmond City,Colonial Heights City,inactivity,two,0
Richmond City,Henrico,inactivity,two,0
Richmond City,King William,inactivity,two,0
Richmond City,Powhatan,inactivity,two,0
Richmond City,Richmond City,inactivity,two,0
Rockingham,Augusta,inactivity,two,0
Rockingham,Harrisonburg City,inactivity,two,0
Rockingham,Highland,inactivity,two,0
Rockingham,Rockingham,inactivity,two,0
Rockingham,Staunton City,inactivity,two,0
Spotsylvania,Fredericksburg City,inactivity,two,0
Spotsylvania,Spotsylvania,inactivity,two,0
Spotsylvania,Stafford,inactivity,two,0
Virginia Beach City North,Accomack,inactivity,two,0
Virginia Beach City North,Norfolk City,inactivity,two,0
Virginia Beach City North,Northampton,inactivity,two,0
Warren,Clarke,inactivity,two,0
Warren,Fauquier,inactivity,two,0
Warren,Frederick,inactivity,two,0
Warren,Page,inactivity,two,0
Warren,Rappahannock,inactivity,two,0
Warren,Shenandoah,inactivity,two,0
Warren,Warren,inactivity,two,0
Warren,Winchester City,inactivity,two,0
Arlington,Alexandria City,inactivity,two,1
Arlington,Arlington,inactivity,two,1
Rockbridge,Bath,inactivity,two,1
Rockbridge,Buena Vista City,inactivity,two,1
Rockbridge,Lexington City,inactivity,two,1
Rockbridge,Rockbridge,inactivity,two,1
Albemarle,Fluvanna,lowbirth,two,0
Albemarle,Nelson,lowbirth,two,0
Albemarle,Waynesboro City,lowbirth,two,0
Amelia,Amelia,lowbirth,two,0
Amelia,Cumberland,lowbirth,two,0
Amelia,Nottoway,lowbirth,two,0
Amelia,Prince Edward,lowbirth,two,0
Amherst,Amherst,lowbirth,two,0
Amherst,Appomattox,lowbirth,two,0
Amherst,Buckingham,lowbirth,two,0
Amherst,Campbell,lowbirth,two,0
Amherst,Lynchburg City,lowbirth,two,0
Bedford,Bedford,lowbirth,two,0
Bedford,Pittsylvania,lowbirth,two,0
Chesapeake City,Chesapeake City,lowbirth,two,0
Chesapeake City,Portsmouth City,lowbirth,two,0
Chesapeake City,Suffolk City,lowbirth,two,0
Chesapeake City,Virginia Beach City,lowbirth,two,0
Fairfax,Fairfax City,lowbirth,two,0
Fairfax,Fairfax,lowbirth,two,0
Fairfax,Falls Church City,lowbirth,two,0
Fairfax,Manassas City,lowbirth,two,0
Fairfax,Manassas Park City,lowbirth,two,0
Fairfax,Prince William,lowbirth,two,0
Floyd,Alleghany,lowbirth,two,0
Floyd,Botetourt,lowbirth,two,0
Floyd,Covington City,lowbirth,two,0
Floyd,Craig,lowbirth,two,0
Floyd,Floyd,lowbirth,two,0
Floyd,Montgomery,lowbirth,two,0
Floyd,Roanoke City,lowbirth,two,0
Floyd,Roanoke,lowbirth,two,0
Floyd,Salem City,lowbirth,two,0
Gloucester,Gloucester,lowbirth,two,0
Gloucester,King And Queen,lowbirth,two,0
Gloucester,Mathews,lowbirth,two,0
Gloucester,Middlesex,lowbirth,two,0
Greensville,Emporia City,lowbirth,two,0
Greensville,Franklin City,lowbirth,two,0
Greensville,Greensville,lowbirth,two,0
Greensville,Southampton,lowbirth,two,0
Greensville,Sussex,lowbirth,two,0
Henrico,Goochland,lowbirth,two,0
Henrico,Hanover,lowbirth,two,0
King George,Caroline,lowbirth,two,0
King George,Essex,lowbirth,two,0
King George,King George,lowbirth,two,0
King George,Westmoreland,lowbirth,two,0
Lancaster,Lancaster,lowbirth,two,0
Lancaster,Northumberland,lowbirth,two,0
Lancaster,Richmond,lowbirth,two,0
Lee,Bristol City,lowbirth,two,0
Lee,Dickenson,lowbirth,two,0
Lee,Lee,lowbirth,two,0
Lee,Norton City,lowbirth,two,0
Lee,Russell,lowbirth,two,0
Lee,Scott,lowbirth,two,0
Lee,Wise,lowbirth,two,0
Loudoun,Loudoun,lowbirth,two,0
Louisa,Albemarle,lowbirth,two,0
Louisa,Charlottesville City,lowbirth,two,0
Louisa,Louisa,lowbirth,two,0
Mecklenburg,Brunswick,lowbirth,two,0
Mecklenburg,Charlotte,lowbirth,two,0
Mecklenburg,Halifax,lowbirth,two,0
Mecklenburg,Lunenburg,lowbirth,two,0
Mecklenburg,Mecklenburg,lowbirth,two,0
Newport News City North,Charles City,lowbirth,two,0
Newport News City North,Hampton City,lowbirth,two,0
Newport News City North,Isle Of Wight,lowbirth,two,0
Newport News City North,James City,lowbirth,two,0
Newport News City North,New Kent,lowbirth,two,0
Newport News City North,Newport News City,lowbirth,two,0
Newport News City North,Poquoson City,lowbirth,two,0
Newport News City North,Williamsburg City,lowbirth,two,0
Newport News City North,York,lowbirth,two,0
Orange,Culpeper,lowbirth,two,0
Orange,Greene,lowbirth,two,0
Orange,Madison,lowbirth,two,0
Orange,Orange,lowbirth,two,0
Patrick,Danville City,lowbirth,two,0
Patrick,Franklin,lowbirth,two,0
Patrick,Henry,lowbirth,two,0
Patrick,Martinsville City,lowbirth,two,0
Patrick,Patrick,lowbirth,two,0
Petersburg City,Dinwiddie,lowbirth,two,0
Petersburg City,Hopewell City,lowbirth,two,0
Petersburg City,Petersburg City,lowbirth,two,0
Petersburg City,Prince George,lowbirth,two,0
Petersburg City,Surry,lowbirth,two,0
Pulaski,Bland,lowbirth,two,0
Pulaski,Buchanan,lowbirth,two,0
Pulaski,Carroll,lowbirth,two,0
Pulaski,Galax City,lowbirth,two,0
Pulaski,Giles,lowbirth,two,0
Pulaski,Grayson,lowbirth,two,0
Pulaski,Pulaski,lowbirth,two,0
Pulaski,Radford City,lowbirth,two,0
Pulaski,Smyth,lowbirth,two,0
Pulaski,Tazewell,lowbirth,two,0
Pulaski,Washington,lowbirth,two,0
Pulaski,Wythe,lowbirth,two,0
Richmond City,Chesterfield,lowbirth,two,0
Richmond City,Colonial Heights City,lowbirth,two,0
Richmond City,Henrico,lowbirth,two,0
Richmond City,King William,lowbirth,two,0
Richmond City,Powhatan,lowbirth,two,0
Richmond City,Richmond City,lowbirth,two,0
Rockingham,Augusta,lowbirth,two,0
Rockingham,Harrisonburg City,lowbirth,two,0
Rockingham,Highland,lowbirth,two,0
Rockingham,Rockingham,lowbirth,two,0
Rockingham,Staunton City,lowbirth,two,0
Spotsylvania,Fredericksburg City,lowbirth,two,0
Spotsylvania,Spotsylvania,lowbirth,two,0
Spotsylvania,Stafford,lowbirth,two,0
Virginia Beach City North,Accomack,lowbirth,two,0
Virginia Beach City North,Norfolk City,lowbirth,two,0
Virginia Beach City North,Northampton,lowbirth,two,0
Warren,Clarke,lowbirth,two,0
Warren,Fauquier,lowbirth,two,0
Warren,Frederick,lowbirth,two,0
Warren,Page,lowbirth,two,0
Warren,Rappahannock,lowbirth,two,0
Warren,Shenandoah,lowbirth,two,0
Warren,Warren,lowbirth,two,0
Warren,Winchester City,lowbirth,two,0
Arlington,Alexandria City,lowbirth,two,1
Arlington,Arlington,lowbirth,two,1
Rockbridge,Bath,lowbirth,two,1
Rockbridge,Buena Vista City,lowbirth,two,1
Rockbridge,Lexington City,lowbirth,two,1
Rockbridge,Rockbridge,lowbirth,two,1